[2026-07-28T01:27:33.817+0000] {manager.py:483} INFO - Processing files using up to 2 processes at a time 
[2026-07-28T01:27:33.818+0000] {manager.py:484} INFO - Process each file at most once every 30 seconds
[2026-07-28T01:27:33.819+0000] {manager.py:485} INFO - Checking for new files in /opt/airflow/dags every 300 seconds
[2026-07-28T01:27:33.821+0000] {manager.py:821} INFO - Searching for files in /opt/airflow/dags
[2026-07-28T01:27:33.830+0000] {manager.py:824} INFO - There are 0 files in /opt/airflow/dags
[2026-07-28T01:28:21.039+0000] {manager.py:465} INFO - Exiting gracefully upon receiving signal 15
[2026-07-28T01:32:50.099+0000] {manager.py:483} INFO - Processing files using up to 2 processes at a time 
[2026-07-28T01:32:50.101+0000] {manager.py:484} INFO - Process each file at most once every 30 seconds
[2026-07-28T01:32:50.102+0000] {manager.py:485} INFO - Checking for new files in /opt/airflow/dags every 300 seconds
[2026-07-28T01:32:50.104+0000] {manager.py:821} INFO - Searching for files in /opt/airflow/dags
[2026-07-28T01:32:50.114+0000] {manager.py:824} INFO - There are 0 files in /opt/airflow/dags
[2026-07-28T01:35:57.892+0000] {manager.py:465} INFO - Exiting gracefully upon receiving signal 15
[2026-07-28T01:36:55.023+0000] {manager.py:483} INFO - Processing files using up to 2 processes at a time 
[2026-07-28T01:36:55.024+0000] {manager.py:484} INFO - Process each file at most once every 30 seconds
[2026-07-28T01:36:55.025+0000] {manager.py:485} INFO - Checking for new files in /opt/airflow/dags every 300 seconds
[2026-07-28T01:36:55.026+0000] {manager.py:821} INFO - Searching for files in /opt/airflow/dags
[2026-07-28T01:36:55.033+0000] {manager.py:824} INFO - There are 0 files in /opt/airflow/dags
[2026-07-28T01:41:55.446+0000] {manager.py:821} INFO - Searching for files in /opt/airflow/dags
[2026-07-28T01:41:55.452+0000] {manager.py:824} INFO - There are 0 files in /opt/airflow/dags
[2026-07-28T01:46:32.727+0000] {manager.py:465} INFO - Exiting gracefully upon receiving signal 15
[2026-07-28T01:53:19.565+0000] {manager.py:483} INFO - Processing files using up to 2 processes at a time 
[2026-07-28T01:53:19.566+0000] {manager.py:484} INFO - Process each file at most once every 30 seconds
[2026-07-28T01:53:19.568+0000] {manager.py:485} INFO - Checking for new files in /opt/airflow/dags every 300 seconds
[2026-07-28T01:53:19.569+0000] {manager.py:821} INFO - Searching for files in /opt/airflow/dags
[2026-07-28T01:53:19.579+0000] {manager.py:824} INFO - There are 0 files in /opt/airflow/dags
[2026-07-28T01:58:16.666+0000] {manager.py:465} INFO - Exiting gracefully upon receiving signal 15
[2026-07-28T01:59:17.313+0000] {manager.py:483} INFO - Processing files using up to 2 processes at a time 
[2026-07-28T01:59:17.316+0000] {manager.py:484} INFO - Process each file at most once every 30 seconds
[2026-07-28T01:59:17.317+0000] {manager.py:485} INFO - Checking for new files in /opt/airflow/dags every 300 seconds
[2026-07-28T01:59:17.318+0000] {manager.py:821} INFO - Searching for files in /opt/airflow/dags
[2026-07-28T01:59:17.329+0000] {manager.py:824} INFO - There are 0 files in /opt/airflow/dags
[2026-07-28T02:04:17.918+0000] {manager.py:821} INFO - Searching for files in /opt/airflow/dags
[2026-07-28T02:04:17.937+0000] {manager.py:824} INFO - There are 1 files in /opt/airflow/dags
[2026-07-28T02:04:20.090+0000] {manager.py:997} INFO - 
================================================================================
DAG File Processing Stats

File Path                                PID  Runtime      # DAGs    # Errors  Last Runtime    Last Run      Last # of DB Queries
-------------------------------------  -----  ---------  --------  ----------  --------------  ----------  ----------------------
/opt/airflow/dags/etl_pipeline_dag.py    163  2.03s             0           0                                                   0
================================================================================
[2026-07-28T02:04:50.323+0000] {manager.py:997} INFO - 
================================================================================
DAG File Processing Stats

File Path                              PID    Runtime      # DAGs    # Errors  Last Runtime    Last Run               Last # of DB Queries
-------------------------------------  -----  ---------  --------  ----------  --------------  -------------------  ----------------------
/opt/airflow/dags/etl_pipeline_dag.py                           0           1  2.96s           2026-07-28T02:04:21                       3
================================================================================
[2026-07-28T02:05:20.829+0000] {manager.py:997} INFO - 
================================================================================
DAG File Processing Stats

File Path                              PID    Runtime      # DAGs    # Errors  Last Runtime    Last Run               Last # of DB Queries
-------------------------------------  -----  ---------  --------  ----------  --------------  -------------------  ----------------------
/opt/airflow/dags/etl_pipeline_dag.py                           0           1  1.37s           2026-07-28T02:04:52                       5
================================================================================
[2026-07-28T02:05:51.143+0000] {manager.py:997} INFO - 
================================================================================
DAG File Processing Stats

File Path                              PID    Runtime      # DAGs    # Errors  Last Runtime    Last Run               Last # of DB Queries
-------------------------------------  -----  ---------  --------  ----------  --------------  -------------------  ----------------------
/opt/airflow/dags/etl_pipeline_dag.py                           0           1  1.06s           2026-07-28T02:05:23                       5
================================================================================
[2026-07-28T02:06:21.507+0000] {manager.py:997} INFO - 
================================================================================
DAG File Processing Stats

File Path                              PID    Runtime      # DAGs    # Errors  Last Runtime    Last Run               Last # of DB Queries
-------------------------------------  -----  ---------  --------  ----------  --------------  -------------------  ----------------------
/opt/airflow/dags/etl_pipeline_dag.py                           0           1  1.19s           2026-07-28T02:05:55                       5
================================================================================
[2026-07-28T02:06:51.971+0000] {manager.py:997} INFO - 
================================================================================
DAG File Processing Stats

File Path                              PID    Runtime      # DAGs    # Errors  Last Runtime    Last Run               Last # of DB Queries
-------------------------------------  -----  ---------  --------  ----------  --------------  -------------------  ----------------------
/opt/airflow/dags/etl_pipeline_dag.py                           0           1  1.46s           2026-07-28T02:06:27                       5
================================================================================
[2026-07-28T02:07:22.301+0000] {manager.py:997} INFO - 
================================================================================
DAG File Processing Stats

File Path                              PID    Runtime      # DAGs    # Errors  Last Runtime    Last Run               Last # of DB Queries
-------------------------------------  -----  ---------  --------  ----------  --------------  -------------------  ----------------------
/opt/airflow/dags/etl_pipeline_dag.py                           0           1  1.94s           2026-07-28T02:06:59                       5
================================================================================
[2026-07-28T02:07:53.030+0000] {manager.py:997} INFO - 
================================================================================
DAG File Processing Stats

File Path                              PID    Runtime      # DAGs    # Errors  Last Runtime    Last Run               Last # of DB Queries
-------------------------------------  -----  ---------  --------  ----------  --------------  -------------------  ----------------------
/opt/airflow/dags/etl_pipeline_dag.py                           0           1  1.29s           2026-07-28T02:07:30                       5
================================================================================
[2026-07-28T02:08:23.383+0000] {manager.py:997} INFO - 
================================================================================
DAG File Processing Stats

File Path                              PID    Runtime      # DAGs    # Errors  Last Runtime    Last Run               Last # of DB Queries
-------------------------------------  -----  ---------  --------  ----------  --------------  -------------------  ----------------------
/opt/airflow/dags/etl_pipeline_dag.py                           0           1  1.40s           2026-07-28T02:08:02                       5
================================================================================
[2026-07-28T02:08:54.111+0000] {manager.py:997} INFO - 
================================================================================
DAG File Processing Stats

File Path                              PID    Runtime      # DAGs    # Errors  Last Runtime    Last Run               Last # of DB Queries
-------------------------------------  -----  ---------  --------  ----------  --------------  -------------------  ----------------------
/opt/airflow/dags/etl_pipeline_dag.py                           0           1  1.25s           2026-07-28T02:08:34                       5
================================================================================
[2026-07-28T02:09:18.398+0000] {manager.py:821} INFO - Searching for files in /opt/airflow/dags
[2026-07-28T02:09:18.434+0000] {manager.py:824} INFO - There are 1 files in /opt/airflow/dags
[2026-07-28T02:09:24.524+0000] {manager.py:997} INFO - 
================================================================================
DAG File Processing Stats

File Path                              PID    Runtime      # DAGs    # Errors  Last Runtime    Last Run               Last # of DB Queries
-------------------------------------  -----  ---------  --------  ----------  --------------  -------------------  ----------------------
/opt/airflow/dags/etl_pipeline_dag.py                           0           1  1.03s           2026-07-28T02:09:05                       5
================================================================================
[2026-07-28T02:09:54.925+0000] {manager.py:997} INFO - 
================================================================================
DAG File Processing Stats

File Path                              PID    Runtime      # DAGs    # Errors  Last Runtime    Last Run               Last # of DB Queries
-------------------------------------  -----  ---------  --------  ----------  --------------  -------------------  ----------------------
/opt/airflow/dags/etl_pipeline_dag.py                           0           1  1.58s           2026-07-28T02:09:37                       5
================================================================================
[2026-07-28T02:10:25.239+0000] {manager.py:997} INFO - 
================================================================================
DAG File Processing Stats

File Path                              PID    Runtime      # DAGs    # Errors  Last Runtime    Last Run               Last # of DB Queries
-------------------------------------  -----  ---------  --------  ----------  --------------  -------------------  ----------------------
/opt/airflow/dags/etl_pipeline_dag.py                           0           1  1.56s           2026-07-28T02:10:09                       5
================================================================================
[2026-07-28T02:10:55.497+0000] {manager.py:997} INFO - 
================================================================================
DAG File Processing Stats

File Path                              PID    Runtime      # DAGs    # Errors  Last Runtime    Last Run               Last # of DB Queries
-------------------------------------  -----  ---------  --------  ----------  --------------  -------------------  ----------------------
/opt/airflow/dags/etl_pipeline_dag.py                           0           1  0.94s           2026-07-28T02:10:40                       5
================================================================================
[2026-07-28T02:11:25.960+0000] {manager.py:997} INFO - 
================================================================================
DAG File Processing Stats

File Path                              PID    Runtime      # DAGs    # Errors  Last Runtime    Last Run               Last # of DB Queries
-------------------------------------  -----  ---------  --------  ----------  --------------  -------------------  ----------------------
/opt/airflow/dags/etl_pipeline_dag.py                           0           1  1.27s           2026-07-28T02:11:11                       5
================================================================================
[2026-07-28T02:11:56.303+0000] {manager.py:997} INFO - 
================================================================================
DAG File Processing Stats

File Path                              PID    Runtime      # DAGs    # Errors  Last Runtime    Last Run               Last # of DB Queries
-------------------------------------  -----  ---------  --------  ----------  --------------  -------------------  ----------------------
/opt/airflow/dags/etl_pipeline_dag.py                           0           1  1.02s           2026-07-28T02:11:43                       5
================================================================================
[2026-07-28T02:12:26.662+0000] {manager.py:997} INFO - 
================================================================================
DAG File Processing Stats

File Path                              PID    Runtime      # DAGs    # Errors  Last Runtime    Last Run               Last # of DB Queries
-------------------------------------  -----  ---------  --------  ----------  --------------  -------------------  ----------------------
/opt/airflow/dags/etl_pipeline_dag.py                           0           1  1.32s           2026-07-28T02:12:14                       5
================================================================================
[2026-07-28T02:12:57.036+0000] {manager.py:997} INFO - 
================================================================================
DAG File Processing Stats

File Path                              PID    Runtime      # DAGs    # Errors  Last Runtime    Last Run               Last # of DB Queries
-------------------------------------  -----  ---------  --------  ----------  --------------  -------------------  ----------------------
/opt/airflow/dags/etl_pipeline_dag.py                           0           1  1.07s           2026-07-28T02:12:45                       5
================================================================================
[2026-07-28T02:13:27.397+0000] {manager.py:997} INFO - 
================================================================================
DAG File Processing Stats

File Path                              PID    Runtime      # DAGs    # Errors  Last Runtime    Last Run               Last # of DB Queries
-------------------------------------  -----  ---------  --------  ----------  --------------  -------------------  ----------------------
/opt/airflow/dags/etl_pipeline_dag.py                           0           1  1.15s           2026-07-28T02:13:17                       5
================================================================================
[2026-07-28T02:13:57.825+0000] {manager.py:997} INFO - 
================================================================================
DAG File Processing Stats

File Path                              PID    Runtime      # DAGs    # Errors  Last Runtime    Last Run               Last # of DB Queries
-------------------------------------  -----  ---------  --------  ----------  --------------  -------------------  ----------------------
/opt/airflow/dags/etl_pipeline_dag.py                           0           1  1.19s           2026-07-28T02:13:48                       5
================================================================================
[2026-07-28T02:14:19.043+0000] {manager.py:821} INFO - Searching for files in /opt/airflow/dags
[2026-07-28T02:14:19.085+0000] {manager.py:824} INFO - There are 1 files in /opt/airflow/dags
[2026-07-28T02:14:28.289+0000] {manager.py:997} INFO - 
================================================================================
DAG File Processing Stats

File Path                              PID    Runtime      # DAGs    # Errors  Last Runtime    Last Run               Last # of DB Queries
-------------------------------------  -----  ---------  --------  ----------  --------------  -------------------  ----------------------
/opt/airflow/dags/etl_pipeline_dag.py                           0           1  1.13s           2026-07-28T02:14:20                       5
================================================================================
[2026-07-28T02:14:58.665+0000] {manager.py:997} INFO - 
================================================================================
DAG File Processing Stats

File Path                              PID    Runtime      # DAGs    # Errors  Last Runtime    Last Run               Last # of DB Queries
-------------------------------------  -----  ---------  --------  ----------  --------------  -------------------  ----------------------
/opt/airflow/dags/etl_pipeline_dag.py                           0           1  1.29s           2026-07-28T02:14:51                       5
================================================================================
[2026-07-28T02:15:29.359+0000] {manager.py:997} INFO - 
================================================================================
DAG File Processing Stats

File Path                              PID    Runtime      # DAGs    # Errors  Last Runtime    Last Run               Last # of DB Queries
-------------------------------------  -----  ---------  --------  ----------  --------------  -------------------  ----------------------
/opt/airflow/dags/etl_pipeline_dag.py                           0           1  1.44s           2026-07-28T02:15:23                       5
================================================================================
[2026-07-28T02:15:59.665+0000] {manager.py:997} INFO - 
================================================================================
DAG File Processing Stats

File Path                              PID    Runtime      # DAGs    # Errors  Last Runtime    Last Run               Last # of DB Queries
-------------------------------------  -----  ---------  --------  ----------  --------------  -------------------  ----------------------
/opt/airflow/dags/etl_pipeline_dag.py                           0           1  1.04s           2026-07-28T02:15:54                       5
================================================================================
[2026-07-28T02:16:28.008+0000] {manager.py:465} INFO - Exiting gracefully upon receiving signal 15
[2026-07-28T02:17:27.950+0000] {manager.py:483} INFO - Processing files using up to 2 processes at a time 
[2026-07-28T02:17:27.952+0000] {manager.py:484} INFO - Process each file at most once every 30 seconds
[2026-07-28T02:17:27.953+0000] {manager.py:485} INFO - Checking for new files in /opt/airflow/dags every 300 seconds
[2026-07-28T02:17:27.954+0000] {manager.py:821} INFO - Searching for files in /opt/airflow/dags
[2026-07-28T02:17:28.002+0000] {manager.py:824} INFO - There are 1 files in /opt/airflow/dags
[2026-07-28T02:17:28.184+0000] {manager.py:997} INFO - 
================================================================================
DAG File Processing Stats

File Path                                PID  Runtime      # DAGs    # Errors  Last Runtime    Last Run      Last # of DB Queries
-------------------------------------  -----  ---------  --------  ----------  --------------  ----------  ----------------------
/opt/airflow/dags/etl_pipeline_dag.py    164  0.05s             0           0                                                   0
================================================================================
[2026-07-28T02:17:58.526+0000] {manager.py:997} INFO - 
================================================================================
DAG File Processing Stats

File Path                                PID  Runtime      # DAGs    # Errors  Last Runtime    Last Run               Last # of DB Queries
-------------------------------------  -----  ---------  --------  ----------  --------------  -------------------  ----------------------
/opt/airflow/dags/etl_pipeline_dag.py    169  0.01s             0           1  0.22s           2026-07-28T02:17:28                       5
================================================================================
[2026-07-28T02:18:29.020+0000] {manager.py:997} INFO - 
================================================================================
DAG File Processing Stats

File Path                                PID  Runtime      # DAGs    # Errors  Last Runtime    Last Run               Last # of DB Queries
-------------------------------------  -----  ---------  --------  ----------  --------------  -------------------  ----------------------
/opt/airflow/dags/etl_pipeline_dag.py    174  0.02s             0           1  0.26s           2026-07-28T02:17:58                       5
================================================================================
[2026-07-28T02:18:59.027+0000] {manager.py:997} INFO - 
================================================================================
DAG File Processing Stats

File Path                              PID    Runtime      # DAGs    # Errors  Last Runtime    Last Run               Last # of DB Queries
-------------------------------------  -----  ---------  --------  ----------  --------------  -------------------  ----------------------
/opt/airflow/dags/etl_pipeline_dag.py                           0           1  0.66s           2026-07-28T02:18:29                       5
================================================================================
[2026-07-28T02:19:29.431+0000] {manager.py:997} INFO - 
================================================================================
DAG File Processing Stats

File Path                              PID    Runtime      # DAGs    # Errors  Last Runtime    Last Run               Last # of DB Queries
-------------------------------------  -----  ---------  --------  ----------  --------------  -------------------  ----------------------
/opt/airflow/dags/etl_pipeline_dag.py                           0           1  0.25s           2026-07-28T02:19:00                       5
================================================================================
[2026-07-28T02:19:59.973+0000] {manager.py:997} INFO - 
================================================================================
DAG File Processing Stats

File Path                              PID    Runtime      # DAGs    # Errors  Last Runtime    Last Run               Last # of DB Queries
-------------------------------------  -----  ---------  --------  ----------  --------------  -------------------  ----------------------
/opt/airflow/dags/etl_pipeline_dag.py                           0           1  0.28s           2026-07-28T02:19:30                       5
================================================================================
[2026-07-28T02:20:30.371+0000] {manager.py:997} INFO - 
================================================================================
DAG File Processing Stats

File Path                              PID    Runtime      # DAGs    # Errors  Last Runtime    Last Run               Last # of DB Queries
-------------------------------------  -----  ---------  --------  ----------  --------------  -------------------  ----------------------
/opt/airflow/dags/etl_pipeline_dag.py                           0           1  0.41s           2026-07-28T02:20:01                       5
================================================================================
[2026-07-28T02:21:00.612+0000] {manager.py:997} INFO - 
================================================================================
DAG File Processing Stats

File Path                              PID    Runtime      # DAGs    # Errors  Last Runtime    Last Run               Last # of DB Queries
-------------------------------------  -----  ---------  --------  ----------  --------------  -------------------  ----------------------
/opt/airflow/dags/etl_pipeline_dag.py                           0           1  0.43s           2026-07-28T02:20:32                       5
================================================================================
[2026-07-28T02:21:30.945+0000] {manager.py:997} INFO - 
================================================================================
DAG File Processing Stats

File Path                              PID    Runtime      # DAGs    # Errors  Last Runtime    Last Run               Last # of DB Queries
-------------------------------------  -----  ---------  --------  ----------  --------------  -------------------  ----------------------
/opt/airflow/dags/etl_pipeline_dag.py                           0           1  0.25s           2026-07-28T02:21:02                       5
================================================================================
[2026-07-28T02:22:01.617+0000] {manager.py:997} INFO - 
================================================================================
DAG File Processing Stats

File Path                              PID    Runtime      # DAGs    # Errors  Last Runtime    Last Run               Last # of DB Queries
-------------------------------------  -----  ---------  --------  ----------  --------------  -------------------  ----------------------
/opt/airflow/dags/etl_pipeline_dag.py                           0           1  0.29s           2026-07-28T02:21:33                       5
================================================================================
[2026-07-28T02:22:28.178+0000] {manager.py:821} INFO - Searching for files in /opt/airflow/dags
[2026-07-28T02:22:28.223+0000] {manager.py:824} INFO - There are 1 files in /opt/airflow/dags
[2026-07-28T02:22:31.985+0000] {manager.py:997} INFO - 
================================================================================
DAG File Processing Stats

File Path                              PID    Runtime      # DAGs    # Errors  Last Runtime    Last Run               Last # of DB Queries
-------------------------------------  -----  ---------  --------  ----------  --------------  -------------------  ----------------------
/opt/airflow/dags/etl_pipeline_dag.py                           0           1  0.25s           2026-07-28T02:22:03                       5
================================================================================
[2026-07-28T02:22:49.865+0000] {manager.py:465} INFO - Exiting gracefully upon receiving signal 15
[2026-07-28T02:32:42.348+0000] {manager.py:483} INFO - Processing files using up to 2 processes at a time 
[2026-07-28T02:32:42.349+0000] {manager.py:484} INFO - Process each file at most once every 30 seconds
[2026-07-28T02:32:42.350+0000] {manager.py:485} INFO - Checking for new files in /opt/airflow/dags every 300 seconds
[2026-07-28T02:32:42.353+0000] {manager.py:821} INFO - Searching for files in /opt/airflow/dags
[2026-07-28T02:32:42.393+0000] {manager.py:824} INFO - There are 1 files in /opt/airflow/dags
[2026-07-28T02:32:42.620+0000] {manager.py:997} INFO - 
================================================================================
DAG File Processing Stats

File Path                                PID  Runtime      # DAGs    # Errors  Last Runtime    Last Run      Last # of DB Queries
-------------------------------------  -----  ---------  --------  ----------  --------------  ----------  ----------------------
/opt/airflow/dags/etl_pipeline_dag.py    164  0.06s             0           0                                                   0
================================================================================
[2026-07-28T02:33:13.020+0000] {manager.py:997} INFO - 
================================================================================
DAG File Processing Stats

File Path                              PID    Runtime      # DAGs    # Errors  Last Runtime    Last Run               Last # of DB Queries
-------------------------------------  -----  ---------  --------  ----------  --------------  -------------------  ----------------------
/opt/airflow/dags/etl_pipeline_dag.py                           1           0  2.52s           2026-07-28T02:32:45                      45
================================================================================
[2026-07-28T02:33:43.748+0000] {manager.py:997} INFO - 
================================================================================
DAG File Processing Stats

File Path                              PID    Runtime      # DAGs    # Errors  Last Runtime    Last Run               Last # of DB Queries
-------------------------------------  -----  ---------  --------  ----------  --------------  -------------------  ----------------------
/opt/airflow/dags/etl_pipeline_dag.py                           1           0  1.24s           2026-07-28T02:33:16                      12
================================================================================
[2026-07-28T02:34:14.132+0000] {manager.py:997} INFO - 
================================================================================
DAG File Processing Stats

File Path                              PID    Runtime      # DAGs    # Errors  Last Runtime    Last Run               Last # of DB Queries
-------------------------------------  -----  ---------  --------  ----------  --------------  -------------------  ----------------------
/opt/airflow/dags/etl_pipeline_dag.py                           1           0  2.11s           2026-07-28T02:33:48                      12
================================================================================
[2026-07-28T02:34:44.510+0000] {manager.py:997} INFO - 
================================================================================
DAG File Processing Stats

File Path                              PID    Runtime      # DAGs    # Errors  Last Runtime    Last Run               Last # of DB Queries
-------------------------------------  -----  ---------  --------  ----------  --------------  -------------------  ----------------------
/opt/airflow/dags/etl_pipeline_dag.py                           1           0  1.65s           2026-07-28T02:34:20                      12
================================================================================
[2026-07-28T02:35:14.906+0000] {manager.py:997} INFO - 
================================================================================
DAG File Processing Stats

File Path                              PID    Runtime      # DAGs    # Errors  Last Runtime    Last Run               Last # of DB Queries
-------------------------------------  -----  ---------  --------  ----------  --------------  -------------------  ----------------------
/opt/airflow/dags/etl_pipeline_dag.py                           1           0  1.78s           2026-07-28T02:34:53                      12
================================================================================
[2026-07-28T02:35:45.700+0000] {manager.py:997} INFO - 
================================================================================
DAG File Processing Stats

File Path                              PID    Runtime      # DAGs    # Errors  Last Runtime    Last Run               Last # of DB Queries
-------------------------------------  -----  ---------  --------  ----------  --------------  -------------------  ----------------------
/opt/airflow/dags/etl_pipeline_dag.py                           1           0  2.08s           2026-07-28T02:35:25                      12
================================================================================
[2026-07-28T02:36:16.053+0000] {manager.py:997} INFO - 
================================================================================
DAG File Processing Stats

File Path                              PID    Runtime      # DAGs    # Errors  Last Runtime    Last Run               Last # of DB Queries
-------------------------------------  -----  ---------  --------  ----------  --------------  -------------------  ----------------------
/opt/airflow/dags/etl_pipeline_dag.py                           1           0  1.62s           2026-07-28T02:35:57                      12
================================================================================
[2026-07-28T02:36:46.275+0000] {manager.py:997} INFO - 
================================================================================
DAG File Processing Stats

File Path                              PID    Runtime      # DAGs    # Errors  Last Runtime    Last Run               Last # of DB Queries
-------------------------------------  -----  ---------  --------  ----------  --------------  -------------------  ----------------------
/opt/airflow/dags/etl_pipeline_dag.py                           1           0  1.34s           2026-07-28T02:36:29                      12
================================================================================
[2026-07-28T02:37:16.618+0000] {manager.py:997} INFO - 
================================================================================
DAG File Processing Stats

File Path                              PID    Runtime      # DAGs    # Errors  Last Runtime    Last Run               Last # of DB Queries
-------------------------------------  -----  ---------  --------  ----------  --------------  -------------------  ----------------------
/opt/airflow/dags/etl_pipeline_dag.py                           1           0  1.83s           2026-07-28T02:37:00                      12
================================================================================
[2026-07-28T02:37:42.890+0000] {manager.py:821} INFO - Searching for files in /opt/airflow/dags
[2026-07-28T02:37:42.916+0000] {manager.py:824} INFO - There are 1 files in /opt/airflow/dags
[2026-07-28T02:37:46.977+0000] {manager.py:997} INFO - 
================================================================================
DAG File Processing Stats

File Path                              PID    Runtime      # DAGs    # Errors  Last Runtime    Last Run               Last # of DB Queries
-------------------------------------  -----  ---------  --------  ----------  --------------  -------------------  ----------------------
/opt/airflow/dags/etl_pipeline_dag.py                           1           0  1.62s           2026-07-28T02:37:32                      12
================================================================================
[2026-07-28T02:38:17.297+0000] {manager.py:997} INFO - 
================================================================================
DAG File Processing Stats

File Path                              PID    Runtime      # DAGs    # Errors  Last Runtime    Last Run               Last # of DB Queries
-------------------------------------  -----  ---------  --------  ----------  --------------  -------------------  ----------------------
/opt/airflow/dags/etl_pipeline_dag.py                           1           0  1.21s           2026-07-28T02:38:04                      12
================================================================================
[2026-07-28T02:38:47.734+0000] {manager.py:997} INFO - 
================================================================================
DAG File Processing Stats

File Path                              PID    Runtime      # DAGs    # Errors  Last Runtime    Last Run               Last # of DB Queries
-------------------------------------  -----  ---------  --------  ----------  --------------  -------------------  ----------------------
/opt/airflow/dags/etl_pipeline_dag.py                           1           0  1.17s           2026-07-28T02:38:35                      12
================================================================================
[2026-07-28T02:39:18.044+0000] {manager.py:997} INFO - 
================================================================================
DAG File Processing Stats

File Path                              PID    Runtime      # DAGs    # Errors  Last Runtime    Last Run               Last # of DB Queries
-------------------------------------  -----  ---------  --------  ----------  --------------  -------------------  ----------------------
/opt/airflow/dags/etl_pipeline_dag.py                           1           0  1.01s           2026-07-28T02:39:06                      12
================================================================================
[2026-07-28T02:39:48.345+0000] {manager.py:997} INFO - 
================================================================================
DAG File Processing Stats

File Path                              PID    Runtime      # DAGs    # Errors  Last Runtime    Last Run               Last # of DB Queries
-------------------------------------  -----  ---------  --------  ----------  --------------  -------------------  ----------------------
/opt/airflow/dags/etl_pipeline_dag.py                           1           0  1.04s           2026-07-28T02:39:38                      12
================================================================================
[2026-07-28T02:40:18.654+0000] {manager.py:997} INFO - 
================================================================================
DAG File Processing Stats

File Path                              PID    Runtime      # DAGs    # Errors  Last Runtime    Last Run               Last # of DB Queries
-------------------------------------  -----  ---------  --------  ----------  --------------  -------------------  ----------------------
/opt/airflow/dags/etl_pipeline_dag.py                           1           0  1.02s           2026-07-28T02:40:09                      12
================================================================================
[2026-07-28T02:40:48.982+0000] {manager.py:997} INFO - 
================================================================================
DAG File Processing Stats

File Path                              PID    Runtime      # DAGs    # Errors  Last Runtime    Last Run               Last # of DB Queries
-------------------------------------  -----  ---------  --------  ----------  --------------  -------------------  ----------------------
/opt/airflow/dags/etl_pipeline_dag.py                           1           0  1.03s           2026-07-28T02:40:40                      12
================================================================================
[2026-07-28T02:41:19.349+0000] {manager.py:997} INFO - 
================================================================================
DAG File Processing Stats

File Path                              PID    Runtime      # DAGs    # Errors  Last Runtime    Last Run               Last # of DB Queries
-------------------------------------  -----  ---------  --------  ----------  --------------  -------------------  ----------------------
/opt/airflow/dags/etl_pipeline_dag.py                           1           0  1.29s           2026-07-28T02:41:12                      12
================================================================================
[2026-07-28T02:41:49.689+0000] {manager.py:997} INFO - 
================================================================================
DAG File Processing Stats

File Path                              PID    Runtime      # DAGs    # Errors  Last Runtime    Last Run               Last # of DB Queries
-------------------------------------  -----  ---------  --------  ----------  --------------  -------------------  ----------------------
/opt/airflow/dags/etl_pipeline_dag.py                           1           0  1.22s           2026-07-28T02:41:43                      12
================================================================================
[2026-07-28T02:42:20.183+0000] {manager.py:997} INFO - 
================================================================================
DAG File Processing Stats

File Path                              PID    Runtime      # DAGs    # Errors  Last Runtime    Last Run               Last # of DB Queries
-------------------------------------  -----  ---------  --------  ----------  --------------  -------------------  ----------------------
/opt/airflow/dags/etl_pipeline_dag.py                           1           0  1.22s           2026-07-28T02:42:15                      12
================================================================================
[2026-07-28T02:42:43.439+0000] {manager.py:821} INFO - Searching for files in /opt/airflow/dags
[2026-07-28T02:42:43.516+0000] {manager.py:824} INFO - There are 1 files in /opt/airflow/dags
[2026-07-28T02:42:50.664+0000] {manager.py:997} INFO - 
================================================================================
DAG File Processing Stats

File Path                              PID    Runtime      # DAGs    # Errors  Last Runtime    Last Run               Last # of DB Queries
-------------------------------------  -----  ---------  --------  ----------  --------------  -------------------  ----------------------
/opt/airflow/dags/etl_pipeline_dag.py                           1           0  1.22s           2026-07-28T02:42:46                      12
================================================================================
[2026-07-28T02:43:21.198+0000] {manager.py:997} INFO - 
================================================================================
DAG File Processing Stats

File Path                              PID    Runtime      # DAGs    # Errors  Last Runtime    Last Run               Last # of DB Queries
-------------------------------------  -----  ---------  --------  ----------  --------------  -------------------  ----------------------
/opt/airflow/dags/etl_pipeline_dag.py                           1           0  1.27s           2026-07-28T02:43:18                      12
================================================================================
[2026-07-28T02:43:51.574+0000] {manager.py:997} INFO - 
================================================================================
DAG File Processing Stats

File Path                              PID    Runtime      # DAGs    # Errors  Last Runtime    Last Run               Last # of DB Queries
-------------------------------------  -----  ---------  --------  ----------  --------------  -------------------  ----------------------
/opt/airflow/dags/etl_pipeline_dag.py                           1           0  1.17s           2026-07-28T02:43:49                      12
================================================================================
[2026-07-28T02:44:21.683+0000] {manager.py:997} INFO - 
================================================================================
DAG File Processing Stats

File Path                              PID    Runtime      # DAGs    # Errors  Last Runtime    Last Run               Last # of DB Queries
-------------------------------------  -----  ---------  --------  ----------  --------------  -------------------  ----------------------
/opt/airflow/dags/etl_pipeline_dag.py                           1           0  1.71s           2026-07-28T02:44:21                      12
================================================================================
[2026-07-28T02:44:52.000+0000] {manager.py:997} INFO - 
================================================================================
DAG File Processing Stats

File Path                                PID  Runtime      # DAGs    # Errors  Last Runtime    Last Run               Last # of DB Queries
-------------------------------------  -----  ---------  --------  ----------  --------------  -------------------  ----------------------
/opt/airflow/dags/etl_pipeline_dag.py    318  0.01s             1           0  1.71s           2026-07-28T02:44:21                      12
================================================================================
[2026-07-28T02:44:58.516+0000] {manager.py:465} INFO - Exiting gracefully upon receiving signal 15
[2026-07-28T02:45:28.790+0000] {manager.py:483} INFO - Processing files using up to 2 processes at a time 
[2026-07-28T02:45:28.792+0000] {manager.py:484} INFO - Process each file at most once every 30 seconds
[2026-07-28T02:45:28.793+0000] {manager.py:485} INFO - Checking for new files in /opt/airflow/dags every 300 seconds
[2026-07-28T02:45:28.794+0000] {manager.py:821} INFO - Searching for files in /opt/airflow/dags
[2026-07-28T02:45:28.847+0000] {manager.py:824} INFO - There are 1 files in /opt/airflow/dags
[2026-07-28T02:45:29.030+0000] {manager.py:997} INFO - 
================================================================================
DAG File Processing Stats

File Path                                PID  Runtime      # DAGs    # Errors  Last Runtime    Last Run      Last # of DB Queries
-------------------------------------  -----  ---------  --------  ----------  --------------  ----------  ----------------------
/opt/airflow/dags/etl_pipeline_dag.py    164  0.06s             0           0                                                   0
================================================================================
[2026-07-28T02:45:59.390+0000] {manager.py:997} INFO - 
================================================================================
DAG File Processing Stats

File Path                              PID    Runtime      # DAGs    # Errors  Last Runtime    Last Run               Last # of DB Queries
-------------------------------------  -----  ---------  --------  ----------  --------------  -------------------  ----------------------
/opt/airflow/dags/etl_pipeline_dag.py                           1           0  2.58s           2026-07-28T02:45:31                      12
================================================================================
[2026-07-28T02:46:29.800+0000] {manager.py:997} INFO - 
================================================================================
DAG File Processing Stats

File Path                              PID    Runtime      # DAGs    # Errors  Last Runtime    Last Run               Last # of DB Queries
-------------------------------------  -----  ---------  --------  ----------  --------------  -------------------  ----------------------
/opt/airflow/dags/etl_pipeline_dag.py                           1           0  1.79s           2026-07-28T02:46:03                      12
================================================================================
[2026-07-28T02:47:00.394+0000] {manager.py:997} INFO - 
================================================================================
DAG File Processing Stats

File Path                              PID    Runtime      # DAGs    # Errors  Last Runtime    Last Run               Last # of DB Queries
-------------------------------------  -----  ---------  --------  ----------  --------------  -------------------  ----------------------
/opt/airflow/dags/etl_pipeline_dag.py                           1           0  1.50s           2026-07-28T02:46:35                      12
================================================================================
[2026-07-28T02:47:30.937+0000] {manager.py:997} INFO - 
================================================================================
DAG File Processing Stats

File Path                              PID    Runtime      # DAGs    # Errors  Last Runtime    Last Run               Last # of DB Queries
-------------------------------------  -----  ---------  --------  ----------  --------------  -------------------  ----------------------
/opt/airflow/dags/etl_pipeline_dag.py                           1           0  1.38s           2026-07-28T02:47:06                      12
================================================================================
[2026-07-28T02:48:01.461+0000] {manager.py:997} INFO - 
================================================================================
DAG File Processing Stats

File Path                              PID    Runtime      # DAGs    # Errors  Last Runtime    Last Run               Last # of DB Queries
-------------------------------------  -----  ---------  --------  ----------  --------------  -------------------  ----------------------
/opt/airflow/dags/etl_pipeline_dag.py                           1           0  1.21s           2026-07-28T02:47:38                      12
================================================================================
[2026-07-28T02:48:31.838+0000] {manager.py:997} INFO - 
================================================================================
DAG File Processing Stats

File Path                              PID    Runtime      # DAGs    # Errors  Last Runtime    Last Run               Last # of DB Queries
-------------------------------------  -----  ---------  --------  ----------  --------------  -------------------  ----------------------
/opt/airflow/dags/etl_pipeline_dag.py                           1           0  1.29s           2026-07-28T02:48:09                      12
================================================================================
[2026-07-28T02:49:01.907+0000] {manager.py:997} INFO - 
================================================================================
DAG File Processing Stats

File Path                              PID    Runtime      # DAGs    # Errors  Last Runtime    Last Run               Last # of DB Queries
-------------------------------------  -----  ---------  --------  ----------  --------------  -------------------  ----------------------
/opt/airflow/dags/etl_pipeline_dag.py                           1           0  1.68s           2026-07-28T02:48:41                      12
================================================================================
[2026-07-28T02:49:30.438+0000] {manager.py:465} INFO - Exiting gracefully upon receiving signal 15
[2026-07-28T02:50:02.212+0000] {manager.py:483} INFO - Processing files using up to 2 processes at a time 
[2026-07-28T02:50:02.214+0000] {manager.py:484} INFO - Process each file at most once every 30 seconds
[2026-07-28T02:50:02.215+0000] {manager.py:485} INFO - Checking for new files in /opt/airflow/dags every 300 seconds
[2026-07-28T02:50:02.217+0000] {manager.py:821} INFO - Searching for files in /opt/airflow/dags
[2026-07-28T02:50:02.271+0000] {manager.py:824} INFO - There are 1 files in /opt/airflow/dags
[2026-07-28T02:50:02.647+0000] {manager.py:997} INFO - 
================================================================================
DAG File Processing Stats

File Path                                PID  Runtime      # DAGs    # Errors  Last Runtime    Last Run      Last # of DB Queries
-------------------------------------  -----  ---------  --------  ----------  --------------  ----------  ----------------------
/opt/airflow/dags/etl_pipeline_dag.py    165  0.16s             0           0                                                   0
================================================================================
[2026-07-28T02:50:32.845+0000] {manager.py:997} INFO - 
================================================================================
DAG File Processing Stats

File Path                              PID    Runtime      # DAGs    # Errors  Last Runtime    Last Run               Last # of DB Queries
-------------------------------------  -----  ---------  --------  ----------  --------------  -------------------  ----------------------
/opt/airflow/dags/etl_pipeline_dag.py                           1           0  2.10s           2026-07-28T02:50:04                      12
================================================================================
[2026-07-28T02:51:03.011+0000] {manager.py:997} INFO - 
================================================================================
DAG File Processing Stats

File Path                              PID    Runtime      # DAGs    # Errors  Last Runtime    Last Run               Last # of DB Queries
-------------------------------------  -----  ---------  --------  ----------  --------------  -------------------  ----------------------
/opt/airflow/dags/etl_pipeline_dag.py                           1           0  1.73s           2026-07-28T02:50:36                      12
================================================================================
[2026-07-28T02:51:33.556+0000] {manager.py:997} INFO - 
================================================================================
DAG File Processing Stats

File Path                              PID    Runtime      # DAGs    # Errors  Last Runtime    Last Run               Last # of DB Queries
-------------------------------------  -----  ---------  --------  ----------  --------------  -------------------  ----------------------
/opt/airflow/dags/etl_pipeline_dag.py                           1           0  1.32s           2026-07-28T02:51:08                      12
================================================================================
[2026-07-28T02:52:03.945+0000] {manager.py:997} INFO - 
================================================================================
DAG File Processing Stats

File Path                              PID    Runtime      # DAGs    # Errors  Last Runtime    Last Run               Last # of DB Queries
-------------------------------------  -----  ---------  --------  ----------  --------------  -------------------  ----------------------
/opt/airflow/dags/etl_pipeline_dag.py                           1           0  1.60s           2026-07-28T02:51:40                      12
================================================================================
[2026-07-28T02:52:34.257+0000] {manager.py:997} INFO - 
================================================================================
DAG File Processing Stats

File Path                              PID    Runtime      # DAGs    # Errors  Last Runtime    Last Run               Last # of DB Queries
-------------------------------------  -----  ---------  --------  ----------  --------------  -------------------  ----------------------
/opt/airflow/dags/etl_pipeline_dag.py                           1           0  1.56s           2026-07-28T02:52:12                      12
================================================================================
[2026-07-28T02:53:04.721+0000] {manager.py:997} INFO - 
================================================================================
DAG File Processing Stats

File Path                              PID    Runtime      # DAGs    # Errors  Last Runtime    Last Run               Last # of DB Queries
-------------------------------------  -----  ---------  --------  ----------  --------------  -------------------  ----------------------
/opt/airflow/dags/etl_pipeline_dag.py                           1           0  1.43s           2026-07-28T02:52:43                      12
================================================================================
[2026-07-28T02:53:35.389+0000] {manager.py:997} INFO - 
================================================================================
DAG File Processing Stats

File Path                              PID    Runtime      # DAGs    # Errors  Last Runtime    Last Run               Last # of DB Queries
-------------------------------------  -----  ---------  --------  ----------  --------------  -------------------  ----------------------
/opt/airflow/dags/etl_pipeline_dag.py                           1           0  1.37s           2026-07-28T02:53:15                      12
================================================================================
[2026-07-28T02:54:05.577+0000] {manager.py:997} INFO - 
================================================================================
DAG File Processing Stats

File Path                              PID    Runtime      # DAGs    # Errors  Last Runtime    Last Run               Last # of DB Queries
-------------------------------------  -----  ---------  --------  ----------  --------------  -------------------  ----------------------
/opt/airflow/dags/etl_pipeline_dag.py                           1           0  1.80s           2026-07-28T02:53:47                      12
================================================================================
[2026-07-28T02:54:35.912+0000] {manager.py:997} INFO - 
================================================================================
DAG File Processing Stats

File Path                              PID    Runtime      # DAGs    # Errors  Last Runtime    Last Run               Last # of DB Queries
-------------------------------------  -----  ---------  --------  ----------  --------------  -------------------  ----------------------
/opt/airflow/dags/etl_pipeline_dag.py                           1           0  1.26s           2026-07-28T02:54:18                      12
================================================================================
[2026-07-28T02:55:02.416+0000] {manager.py:821} INFO - Searching for files in /opt/airflow/dags
[2026-07-28T02:55:02.453+0000] {manager.py:824} INFO - There are 1 files in /opt/airflow/dags
[2026-07-28T02:55:06.125+0000] {manager.py:997} INFO - 
================================================================================
DAG File Processing Stats

File Path                              PID    Runtime      # DAGs    # Errors  Last Runtime    Last Run               Last # of DB Queries
-------------------------------------  -----  ---------  --------  ----------  --------------  -------------------  ----------------------
/opt/airflow/dags/etl_pipeline_dag.py                           1           0  1.65s           2026-07-28T02:54:50                      12
================================================================================
[2026-07-28T02:55:36.505+0000] {manager.py:997} INFO - 
================================================================================
DAG File Processing Stats

File Path                              PID    Runtime      # DAGs    # Errors  Last Runtime    Last Run               Last # of DB Queries
-------------------------------------  -----  ---------  --------  ----------  --------------  -------------------  ----------------------
/opt/airflow/dags/etl_pipeline_dag.py                           1           0  1.07s           2026-07-28T02:55:22                      12
================================================================================
[2026-07-28T02:56:06.888+0000] {manager.py:997} INFO - 
================================================================================
DAG File Processing Stats

File Path                              PID    Runtime      # DAGs    # Errors  Last Runtime    Last Run               Last # of DB Queries
-------------------------------------  -----  ---------  --------  ----------  --------------  -------------------  ----------------------
/opt/airflow/dags/etl_pipeline_dag.py                           1           0  1.12s           2026-07-28T02:55:53                      12
================================================================================
[2026-07-28T02:56:37.319+0000] {manager.py:997} INFO - 
================================================================================
DAG File Processing Stats

File Path                              PID    Runtime      # DAGs    # Errors  Last Runtime    Last Run               Last # of DB Queries
-------------------------------------  -----  ---------  --------  ----------  --------------  -------------------  ----------------------
/opt/airflow/dags/etl_pipeline_dag.py                           1           0  1.39s           2026-07-28T02:56:25                      12
================================================================================
[2026-07-28T02:57:07.652+0000] {manager.py:997} INFO - 
================================================================================
DAG File Processing Stats

File Path                              PID    Runtime      # DAGs    # Errors  Last Runtime    Last Run               Last # of DB Queries
-------------------------------------  -----  ---------  --------  ----------  --------------  -------------------  ----------------------
/opt/airflow/dags/etl_pipeline_dag.py                           1           0  1.18s           2026-07-28T02:56:56                      12
================================================================================
[2026-07-28T02:57:38.102+0000] {manager.py:997} INFO - 
================================================================================
DAG File Processing Stats

File Path                              PID    Runtime      # DAGs    # Errors  Last Runtime    Last Run               Last # of DB Queries
-------------------------------------  -----  ---------  --------  ----------  --------------  -------------------  ----------------------
/opt/airflow/dags/etl_pipeline_dag.py                           1           0  1.16s           2026-07-28T02:57:28                      12
================================================================================
[2026-07-28T02:58:08.541+0000] {manager.py:997} INFO - 
================================================================================
DAG File Processing Stats

File Path                              PID    Runtime      # DAGs    # Errors  Last Runtime    Last Run               Last # of DB Queries
-------------------------------------  -----  ---------  --------  ----------  --------------  -------------------  ----------------------
/opt/airflow/dags/etl_pipeline_dag.py                           1           0  1.24s           2026-07-28T02:57:59                      12
================================================================================
[2026-07-28T02:58:39.041+0000] {manager.py:997} INFO - 
================================================================================
DAG File Processing Stats

File Path                              PID    Runtime      # DAGs    # Errors  Last Runtime    Last Run               Last # of DB Queries
-------------------------------------  -----  ---------  --------  ----------  --------------  -------------------  ----------------------
/opt/airflow/dags/etl_pipeline_dag.py                           1           0  1.50s           2026-07-28T02:58:31                      12
================================================================================
[2026-07-28T02:59:09.755+0000] {manager.py:997} INFO - 
================================================================================
DAG File Processing Stats

File Path                              PID    Runtime      # DAGs    # Errors  Last Runtime    Last Run               Last # of DB Queries
-------------------------------------  -----  ---------  --------  ----------  --------------  -------------------  ----------------------
/opt/airflow/dags/etl_pipeline_dag.py                           1           0  1.16s           2026-07-28T02:59:02                      12
================================================================================
[2026-07-28T02:59:40.080+0000] {manager.py:997} INFO - 
================================================================================
DAG File Processing Stats

File Path                              PID    Runtime      # DAGs    # Errors  Last Runtime    Last Run               Last # of DB Queries
-------------------------------------  -----  ---------  --------  ----------  --------------  -------------------  ----------------------
/opt/airflow/dags/etl_pipeline_dag.py                           1           0  1.04s           2026-07-28T02:59:34                      12
================================================================================
[2026-07-28T03:00:03.334+0000] {manager.py:821} INFO - Searching for files in /opt/airflow/dags
[2026-07-28T03:00:03.395+0000] {manager.py:824} INFO - There are 1 files in /opt/airflow/dags
[2026-07-28T03:00:10.544+0000] {manager.py:997} INFO - 
================================================================================
DAG File Processing Stats

File Path                              PID    Runtime      # DAGs    # Errors  Last Runtime    Last Run               Last # of DB Queries
-------------------------------------  -----  ---------  --------  ----------  --------------  -------------------  ----------------------
/opt/airflow/dags/etl_pipeline_dag.py                           1           0  1.04s           2026-07-28T03:00:05                      12
================================================================================
[2026-07-28T03:00:35.723+0000] {manager.py:465} INFO - Exiting gracefully upon receiving signal 15
[2026-07-28T03:03:04.042+0000] {manager.py:483} INFO - Processing files using up to 2 processes at a time 
[2026-07-28T03:03:04.045+0000] {manager.py:484} INFO - Process each file at most once every 30 seconds
[2026-07-28T03:03:04.047+0000] {manager.py:485} INFO - Checking for new files in /opt/airflow/dags every 300 seconds
[2026-07-28T03:03:04.049+0000] {manager.py:821} INFO - Searching for files in /opt/airflow/dags
[2026-07-28T03:03:04.111+0000] {manager.py:824} INFO - There are 1 files in /opt/airflow/dags
[2026-07-28T03:03:04.383+0000] {manager.py:997} INFO - 
================================================================================
DAG File Processing Stats

File Path                                PID  Runtime      # DAGs    # Errors  Last Runtime    Last Run      Last # of DB Queries
-------------------------------------  -----  ---------  --------  ----------  --------------  ----------  ----------------------
/opt/airflow/dags/etl_pipeline_dag.py    180  0.08s             0           0                                                   0
================================================================================
[2026-07-28T03:03:34.780+0000] {manager.py:997} INFO - 
================================================================================
DAG File Processing Stats

File Path                              PID    Runtime      # DAGs    # Errors  Last Runtime    Last Run               Last # of DB Queries
-------------------------------------  -----  ---------  --------  ----------  --------------  -------------------  ----------------------
/opt/airflow/dags/etl_pipeline_dag.py                           1           0  2.25s           2026-07-28T03:03:06                      12
================================================================================
[2026-07-28T03:04:05.204+0000] {manager.py:997} INFO - 
================================================================================
DAG File Processing Stats

File Path                              PID    Runtime      # DAGs    # Errors  Last Runtime    Last Run               Last # of DB Queries
-------------------------------------  -----  ---------  --------  ----------  --------------  -------------------  ----------------------
/opt/airflow/dags/etl_pipeline_dag.py                           1           0  2.16s           2026-07-28T03:03:38                      12
================================================================================
[2026-07-28T03:04:35.303+0000] {manager.py:997} INFO - 
================================================================================
DAG File Processing Stats

File Path                              PID    Runtime      # DAGs    # Errors  Last Runtime    Last Run               Last # of DB Queries
-------------------------------------  -----  ---------  --------  ----------  --------------  -------------------  ----------------------
/opt/airflow/dags/etl_pipeline_dag.py                           1           0  1.76s           2026-07-28T03:04:11                      12
================================================================================
[2026-07-28T03:05:05.401+0000] {manager.py:997} INFO - 
================================================================================
DAG File Processing Stats

File Path                              PID    Runtime      # DAGs    # Errors  Last Runtime    Last Run               Last # of DB Queries
-------------------------------------  -----  ---------  --------  ----------  --------------  -------------------  ----------------------
/opt/airflow/dags/etl_pipeline_dag.py                           1           0  1.71s           2026-07-28T03:04:43                      12
================================================================================
[2026-07-28T03:05:36.300+0000] {manager.py:997} INFO - 
================================================================================
DAG File Processing Stats

File Path                              PID    Runtime      # DAGs    # Errors  Last Runtime    Last Run               Last # of DB Queries
-------------------------------------  -----  ---------  --------  ----------  --------------  -------------------  ----------------------
/opt/airflow/dags/etl_pipeline_dag.py                           1           0  1.64s           2026-07-28T03:05:15                      12
================================================================================
[2026-07-28T03:06:06.712+0000] {manager.py:997} INFO - 
================================================================================
DAG File Processing Stats

File Path                              PID    Runtime      # DAGs    # Errors  Last Runtime    Last Run               Last # of DB Queries
-------------------------------------  -----  ---------  --------  ----------  --------------  -------------------  ----------------------
/opt/airflow/dags/etl_pipeline_dag.py                           1           0  2.32s           2026-07-28T03:05:47                      12
================================================================================
[2026-07-28T03:06:36.888+0000] {manager.py:997} INFO - 
================================================================================
DAG File Processing Stats

File Path                              PID    Runtime      # DAGs    # Errors  Last Runtime    Last Run               Last # of DB Queries
-------------------------------------  -----  ---------  --------  ----------  --------------  -------------------  ----------------------
/opt/airflow/dags/etl_pipeline_dag.py                           1           0  1.79s           2026-07-28T03:06:19                      12
================================================================================
[2026-07-28T03:07:06.896+0000] {manager.py:997} INFO - 
================================================================================
DAG File Processing Stats

File Path                              PID    Runtime      # DAGs    # Errors  Last Runtime    Last Run               Last # of DB Queries
-------------------------------------  -----  ---------  --------  ----------  --------------  -------------------  ----------------------
/opt/airflow/dags/etl_pipeline_dag.py                           1           0  1.61s           2026-07-28T03:06:51                      12
================================================================================
[2026-07-28T03:07:37.243+0000] {manager.py:997} INFO - 
================================================================================
DAG File Processing Stats

File Path                              PID    Runtime      # DAGs    # Errors  Last Runtime    Last Run               Last # of DB Queries
-------------------------------------  -----  ---------  --------  ----------  --------------  -------------------  ----------------------
/opt/airflow/dags/etl_pipeline_dag.py                           1           0  1.59s           2026-07-28T03:07:23                      12
================================================================================
[2026-07-28T03:08:04.052+0000] {manager.py:821} INFO - Searching for files in /opt/airflow/dags
[2026-07-28T03:08:04.139+0000] {manager.py:824} INFO - There are 1 files in /opt/airflow/dags
[2026-07-28T03:08:07.623+0000] {manager.py:997} INFO - 
================================================================================
DAG File Processing Stats

File Path                              PID    Runtime      # DAGs    # Errors  Last Runtime    Last Run               Last # of DB Queries
-------------------------------------  -----  ---------  --------  ----------  --------------  -------------------  ----------------------
/opt/airflow/dags/etl_pipeline_dag.py                           1           0  1.58s           2026-07-28T03:07:55                      12
================================================================================
[2026-07-28T03:08:37.982+0000] {manager.py:997} INFO - 
================================================================================
DAG File Processing Stats

File Path                              PID    Runtime      # DAGs    # Errors  Last Runtime    Last Run               Last # of DB Queries
-------------------------------------  -----  ---------  --------  ----------  --------------  -------------------  ----------------------
/opt/airflow/dags/etl_pipeline_dag.py                           1           0  1.39s           2026-07-28T03:08:27                      12
================================================================================
[2026-07-28T03:08:52.688+0000] {manager.py:465} INFO - Exiting gracefully upon receiving signal 15
[2026-07-28T03:09:23.165+0000] {manager.py:483} INFO - Processing files using up to 2 processes at a time 
[2026-07-28T03:09:23.167+0000] {manager.py:484} INFO - Process each file at most once every 30 seconds
[2026-07-28T03:09:23.168+0000] {manager.py:485} INFO - Checking for new files in /opt/airflow/dags every 300 seconds
[2026-07-28T03:09:23.169+0000] {manager.py:821} INFO - Searching for files in /opt/airflow/dags
[2026-07-28T03:09:23.209+0000] {manager.py:824} INFO - There are 1 files in /opt/airflow/dags
[2026-07-28T03:09:23.330+0000] {manager.py:997} INFO - 
================================================================================
DAG File Processing Stats

File Path                                PID  Runtime      # DAGs    # Errors  Last Runtime    Last Run      Last # of DB Queries
-------------------------------------  -----  ---------  --------  ----------  --------------  ----------  ----------------------
/opt/airflow/dags/etl_pipeline_dag.py    164  0.04s             0           0                                                   0
================================================================================
[2026-07-28T03:09:53.724+0000] {manager.py:997} INFO - 
================================================================================
DAG File Processing Stats

File Path                              PID    Runtime      # DAGs    # Errors  Last Runtime    Last Run               Last # of DB Queries
-------------------------------------  -----  ---------  --------  ----------  --------------  -------------------  ----------------------
/opt/airflow/dags/etl_pipeline_dag.py                           1           0  1.30s           2026-07-28T03:09:24                      12
================================================================================
[2026-07-28T03:10:24.298+0000] {manager.py:997} INFO - 
================================================================================
DAG File Processing Stats

File Path                              PID    Runtime      # DAGs    # Errors  Last Runtime    Last Run               Last # of DB Queries
-------------------------------------  -----  ---------  --------  ----------  --------------  -------------------  ----------------------
/opt/airflow/dags/etl_pipeline_dag.py                           1           0  1.26s           2026-07-28T03:09:56                      12
================================================================================
[2026-07-28T03:10:54.708+0000] {manager.py:997} INFO - 
================================================================================
DAG File Processing Stats

File Path                              PID    Runtime      # DAGs    # Errors  Last Runtime    Last Run               Last # of DB Queries
-------------------------------------  -----  ---------  --------  ----------  --------------  -------------------  ----------------------
/opt/airflow/dags/etl_pipeline_dag.py                           1           0  2.15s           2026-07-28T03:10:28                      12
================================================================================
[2026-07-28T03:11:24.877+0000] {manager.py:997} INFO - 
================================================================================
DAG File Processing Stats

File Path                              PID    Runtime      # DAGs    # Errors  Last Runtime    Last Run               Last # of DB Queries
-------------------------------------  -----  ---------  --------  ----------  --------------  -------------------  ----------------------
/opt/airflow/dags/etl_pipeline_dag.py                           1           0  1.82s           2026-07-28T03:11:00                      12
================================================================================
[2026-07-28T03:11:55.505+0000] {manager.py:997} INFO - 
================================================================================
DAG File Processing Stats

File Path                              PID    Runtime      # DAGs    # Errors  Last Runtime    Last Run               Last # of DB Queries
-------------------------------------  -----  ---------  --------  ----------  --------------  -------------------  ----------------------
/opt/airflow/dags/etl_pipeline_dag.py                           1           0  1.40s           2026-07-28T03:11:32                      12
================================================================================
[2026-07-28T03:12:25.916+0000] {manager.py:997} INFO - 
================================================================================
DAG File Processing Stats

File Path                              PID    Runtime      # DAGs    # Errors  Last Runtime    Last Run               Last # of DB Queries
-------------------------------------  -----  ---------  --------  ----------  --------------  -------------------  ----------------------
/opt/airflow/dags/etl_pipeline_dag.py                           1           0  1.24s           2026-07-28T03:12:03                      12
================================================================================
[2026-07-28T03:12:56.396+0000] {manager.py:997} INFO - 
================================================================================
DAG File Processing Stats

File Path                              PID    Runtime      # DAGs    # Errors  Last Runtime    Last Run               Last # of DB Queries
-------------------------------------  -----  ---------  --------  ----------  --------------  -------------------  ----------------------
/opt/airflow/dags/etl_pipeline_dag.py                           1           0  1.31s           2026-07-28T03:12:35                      12
================================================================================
[2026-07-28T03:13:26.971+0000] {manager.py:997} INFO - 
================================================================================
DAG File Processing Stats

File Path                              PID    Runtime      # DAGs    # Errors  Last Runtime    Last Run               Last # of DB Queries
-------------------------------------  -----  ---------  --------  ----------  --------------  -------------------  ----------------------
/opt/airflow/dags/etl_pipeline_dag.py                           1           0  1.57s           2026-07-28T03:13:07                      12
================================================================================
[2026-07-28T03:13:57.653+0000] {manager.py:997} INFO - 
================================================================================
DAG File Processing Stats

File Path                              PID    Runtime      # DAGs    # Errors  Last Runtime    Last Run               Last # of DB Queries
-------------------------------------  -----  ---------  --------  ----------  --------------  -------------------  ----------------------
/opt/airflow/dags/etl_pipeline_dag.py                           1           0  1.30s           2026-07-28T03:13:38                      12
================================================================================
[2026-07-28T03:14:23.604+0000] {manager.py:821} INFO - Searching for files in /opt/airflow/dags
[2026-07-28T03:14:23.660+0000] {manager.py:824} INFO - There are 1 files in /opt/airflow/dags
[2026-07-28T03:14:27.745+0000] {manager.py:997} INFO - 
================================================================================
DAG File Processing Stats

File Path                              PID    Runtime      # DAGs    # Errors  Last Runtime    Last Run               Last # of DB Queries
-------------------------------------  -----  ---------  --------  ----------  --------------  -------------------  ----------------------
/opt/airflow/dags/etl_pipeline_dag.py                           1           0  1.94s           2026-07-28T03:14:10                      12
================================================================================
[2026-07-28T03:14:58.263+0000] {manager.py:997} INFO - 
================================================================================
DAG File Processing Stats

File Path                              PID    Runtime      # DAGs    # Errors  Last Runtime    Last Run               Last # of DB Queries
-------------------------------------  -----  ---------  --------  ----------  --------------  -------------------  ----------------------
/opt/airflow/dags/etl_pipeline_dag.py                           1           0  1.32s           2026-07-28T03:14:42                      12
================================================================================
[2026-07-28T03:15:28.755+0000] {manager.py:997} INFO - 
================================================================================
DAG File Processing Stats

File Path                              PID    Runtime      # DAGs    # Errors  Last Runtime    Last Run               Last # of DB Queries
-------------------------------------  -----  ---------  --------  ----------  --------------  -------------------  ----------------------
/opt/airflow/dags/etl_pipeline_dag.py                           1           0  1.38s           2026-07-28T03:15:13                      12
================================================================================
[2026-07-28T03:15:59.368+0000] {manager.py:997} INFO - 
================================================================================
DAG File Processing Stats

File Path                              PID    Runtime      # DAGs    # Errors  Last Runtime    Last Run               Last # of DB Queries
-------------------------------------  -----  ---------  --------  ----------  --------------  -------------------  ----------------------
/opt/airflow/dags/etl_pipeline_dag.py                           1           0  1.26s           2026-07-28T03:15:45                      12
================================================================================
[2026-07-28T03:16:29.739+0000] {manager.py:997} INFO - 
================================================================================
DAG File Processing Stats

File Path                              PID    Runtime      # DAGs    # Errors  Last Runtime    Last Run               Last # of DB Queries
-------------------------------------  -----  ---------  --------  ----------  --------------  -------------------  ----------------------
/opt/airflow/dags/etl_pipeline_dag.py                           1           0  3.96s           2026-07-28T03:16:19                      12
================================================================================
[2026-07-28T03:17:00.350+0000] {manager.py:997} INFO - 
================================================================================
DAG File Processing Stats

File Path                              PID    Runtime      # DAGs    # Errors  Last Runtime    Last Run               Last # of DB Queries
-------------------------------------  -----  ---------  --------  ----------  --------------  -------------------  ----------------------
/opt/airflow/dags/etl_pipeline_dag.py                           1           0  1.41s           2026-07-28T03:16:51                      12
================================================================================
[2026-07-28T03:17:30.933+0000] {manager.py:997} INFO - 
================================================================================
DAG File Processing Stats

File Path                              PID    Runtime      # DAGs    # Errors  Last Runtime    Last Run               Last # of DB Queries
-------------------------------------  -----  ---------  --------  ----------  --------------  -------------------  ----------------------
/opt/airflow/dags/etl_pipeline_dag.py                           1           0  1.34s           2026-07-28T03:17:22                      12
================================================================================
[2026-07-28T03:18:01.407+0000] {manager.py:997} INFO - 
================================================================================
DAG File Processing Stats

File Path                              PID    Runtime      # DAGs    # Errors  Last Runtime    Last Run               Last # of DB Queries
-------------------------------------  -----  ---------  --------  ----------  --------------  -------------------  ----------------------
/opt/airflow/dags/etl_pipeline_dag.py                           1           0  1.38s           2026-07-28T03:17:54                      12
================================================================================
[2026-07-28T03:18:31.766+0000] {manager.py:997} INFO - 
================================================================================
DAG File Processing Stats

File Path                              PID    Runtime      # DAGs    # Errors  Last Runtime    Last Run               Last # of DB Queries
-------------------------------------  -----  ---------  --------  ----------  --------------  -------------------  ----------------------
/opt/airflow/dags/etl_pipeline_dag.py                           1           0  1.24s           2026-07-28T03:18:25                      12
================================================================================
[2026-07-28T03:19:01.767+0000] {manager.py:997} INFO - 
================================================================================
DAG File Processing Stats

File Path                              PID    Runtime      # DAGs    # Errors  Last Runtime    Last Run               Last # of DB Queries
-------------------------------------  -----  ---------  --------  ----------  --------------  -------------------  ----------------------
/opt/airflow/dags/etl_pipeline_dag.py                           1           0  1.64s           2026-07-28T03:18:57                      12
================================================================================
[2026-07-28T03:19:23.993+0000] {manager.py:821} INFO - Searching for files in /opt/airflow/dags
[2026-07-28T03:19:24.036+0000] {manager.py:824} INFO - There are 1 files in /opt/airflow/dags
[2026-07-28T03:19:32.677+0000] {manager.py:997} INFO - 
================================================================================
DAG File Processing Stats

File Path                              PID    Runtime      # DAGs    # Errors  Last Runtime    Last Run               Last # of DB Queries
-------------------------------------  -----  ---------  --------  ----------  --------------  -------------------  ----------------------
/opt/airflow/dags/etl_pipeline_dag.py                           1           0  1.59s           2026-07-28T03:19:29                      12
================================================================================
[2026-07-28T03:20:03.135+0000] {manager.py:997} INFO - 
================================================================================
DAG File Processing Stats

File Path                              PID    Runtime      # DAGs    # Errors  Last Runtime    Last Run               Last # of DB Queries
-------------------------------------  -----  ---------  --------  ----------  --------------  -------------------  ----------------------
/opt/airflow/dags/etl_pipeline_dag.py                           1           0  2.29s           2026-07-28T03:20:02                      12
================================================================================
[2026-07-28T03:20:33.535+0000] {manager.py:997} INFO - 
================================================================================
DAG File Processing Stats

File Path                                PID  Runtime      # DAGs    # Errors  Last Runtime    Last Run               Last # of DB Queries
-------------------------------------  -----  ---------  --------  ----------  --------------  -------------------  ----------------------
/opt/airflow/dags/etl_pipeline_dag.py    314  1.02s             1           0  2.29s           2026-07-28T03:20:02                      12
================================================================================
[2026-07-28T03:21:04.136+0000] {manager.py:997} INFO - 
================================================================================
DAG File Processing Stats

File Path                                PID  Runtime      # DAGs    # Errors  Last Runtime    Last Run               Last # of DB Queries
-------------------------------------  -----  ---------  --------  ----------  --------------  -------------------  ----------------------
/opt/airflow/dags/etl_pipeline_dag.py    320  0.01s             1           0  1.48s           2026-07-28T03:20:33                      12
================================================================================
[2026-07-28T03:21:34.867+0000] {manager.py:997} INFO - 
================================================================================
DAG File Processing Stats

File Path                              PID    Runtime      # DAGs    # Errors  Last Runtime    Last Run               Last # of DB Queries
-------------------------------------  -----  ---------  --------  ----------  --------------  -------------------  ----------------------
/opt/airflow/dags/etl_pipeline_dag.py                           1           0  1.45s           2026-07-28T03:21:05                      12
================================================================================
[2026-07-28T03:22:05.322+0000] {manager.py:997} INFO - 
================================================================================
DAG File Processing Stats

File Path                              PID    Runtime      # DAGs    # Errors  Last Runtime    Last Run               Last # of DB Queries
-------------------------------------  -----  ---------  --------  ----------  --------------  -------------------  ----------------------
/opt/airflow/dags/etl_pipeline_dag.py                           1           0  1.12s           2026-07-28T03:21:37                      12
================================================================================
[2026-07-28T03:22:35.775+0000] {manager.py:997} INFO - 
================================================================================
DAG File Processing Stats

File Path                              PID    Runtime      # DAGs    # Errors  Last Runtime    Last Run               Last # of DB Queries
-------------------------------------  -----  ---------  --------  ----------  --------------  -------------------  ----------------------
/opt/airflow/dags/etl_pipeline_dag.py                           1           0  1.11s           2026-07-28T03:22:08                      12
================================================================================
[2026-07-28T03:23:06.023+0000] {manager.py:997} INFO - 
================================================================================
DAG File Processing Stats

File Path                              PID    Runtime      # DAGs    # Errors  Last Runtime    Last Run               Last # of DB Queries
-------------------------------------  -----  ---------  --------  ----------  --------------  -------------------  ----------------------
/opt/airflow/dags/etl_pipeline_dag.py                           1           0  1.84s           2026-07-28T03:22:40                      12
================================================================================
[2026-07-28T03:23:36.379+0000] {manager.py:997} INFO - 
================================================================================
DAG File Processing Stats

File Path                              PID    Runtime      # DAGs    # Errors  Last Runtime    Last Run               Last # of DB Queries
-------------------------------------  -----  ---------  --------  ----------  --------------  -------------------  ----------------------
/opt/airflow/dags/etl_pipeline_dag.py                           1           0  2.92s           2026-07-28T03:23:14                      12
================================================================================
[2026-07-28T03:24:06.991+0000] {manager.py:997} INFO - 
================================================================================
DAG File Processing Stats

File Path                              PID    Runtime      # DAGs    # Errors  Last Runtime    Last Run               Last # of DB Queries
-------------------------------------  -----  ---------  --------  ----------  --------------  -------------------  ----------------------
/opt/airflow/dags/etl_pipeline_dag.py                           1           0  1.32s           2026-07-28T03:23:45                      12
================================================================================
[2026-07-28T03:24:24.310+0000] {manager.py:821} INFO - Searching for files in /opt/airflow/dags
[2026-07-28T03:24:24.348+0000] {manager.py:824} INFO - There are 1 files in /opt/airflow/dags
[2026-07-28T03:24:37.522+0000] {manager.py:997} INFO - 
================================================================================
DAG File Processing Stats

File Path                              PID    Runtime      # DAGs    # Errors  Last Runtime    Last Run               Last # of DB Queries
-------------------------------------  -----  ---------  --------  ----------  --------------  -------------------  ----------------------
/opt/airflow/dags/etl_pipeline_dag.py                           1           0  1.35s           2026-07-28T03:24:17                      12
================================================================================
[2026-07-28T03:24:54.337+0000] {manager.py:465} INFO - Exiting gracefully upon receiving signal 15
[2026-07-28T03:25:26.949+0000] {manager.py:483} INFO - Processing files using up to 2 processes at a time 
[2026-07-28T03:25:26.950+0000] {manager.py:484} INFO - Process each file at most once every 30 seconds
[2026-07-28T03:25:26.951+0000] {manager.py:485} INFO - Checking for new files in /opt/airflow/dags every 300 seconds
[2026-07-28T03:25:26.953+0000] {manager.py:821} INFO - Searching for files in /opt/airflow/dags
[2026-07-28T03:25:27.010+0000] {manager.py:824} INFO - There are 1 files in /opt/airflow/dags
[2026-07-28T03:25:27.189+0000] {manager.py:997} INFO - 
================================================================================
DAG File Processing Stats

File Path                                PID  Runtime      # DAGs    # Errors  Last Runtime    Last Run      Last # of DB Queries
-------------------------------------  -----  ---------  --------  ----------  --------------  ----------  ----------------------
/opt/airflow/dags/etl_pipeline_dag.py    164  0.06s             0           0                                                   0
================================================================================
[2026-07-28T03:25:30.823+0000] {manager.py:465} INFO - Exiting gracefully upon receiving signal 15
[2026-07-28T03:26:33.393+0000] {manager.py:483} INFO - Processing files using up to 2 processes at a time 
[2026-07-28T03:26:33.395+0000] {manager.py:484} INFO - Process each file at most once every 30 seconds
[2026-07-28T03:26:33.397+0000] {manager.py:485} INFO - Checking for new files in /opt/airflow/dags every 300 seconds
[2026-07-28T03:26:33.400+0000] {manager.py:821} INFO - Searching for files in /opt/airflow/dags
[2026-07-28T03:26:33.468+0000] {manager.py:824} INFO - There are 1 files in /opt/airflow/dags
[2026-07-28T03:26:33.728+0000] {manager.py:997} INFO - 
================================================================================
DAG File Processing Stats

File Path                                PID  Runtime      # DAGs    # Errors  Last Runtime    Last Run      Last # of DB Queries
-------------------------------------  -----  ---------  --------  ----------  --------------  ----------  ----------------------
/opt/airflow/dags/etl_pipeline_dag.py    164  0.06s             0           0                                                   0
================================================================================
[2026-07-28T03:27:04.006+0000] {manager.py:997} INFO - 
================================================================================
DAG File Processing Stats

File Path                              PID    Runtime      # DAGs    # Errors  Last Runtime    Last Run               Last # of DB Queries
-------------------------------------  -----  ---------  --------  ----------  --------------  -------------------  ----------------------
/opt/airflow/dags/etl_pipeline_dag.py                           1           0  3.63s           2026-07-28T03:26:37                      45
================================================================================
[2026-07-28T03:27:34.857+0000] {manager.py:997} INFO - 
================================================================================
DAG File Processing Stats

File Path                              PID    Runtime      # DAGs    # Errors  Last Runtime    Last Run               Last # of DB Queries
-------------------------------------  -----  ---------  --------  ----------  --------------  -------------------  ----------------------
/opt/airflow/dags/etl_pipeline_dag.py                           1           0  1.09s           2026-07-28T03:27:08                      12
================================================================================
[2026-07-28T03:28:05.290+0000] {manager.py:997} INFO - 
================================================================================
DAG File Processing Stats

File Path                              PID    Runtime      # DAGs    # Errors  Last Runtime    Last Run               Last # of DB Queries
-------------------------------------  -----  ---------  --------  ----------  --------------  -------------------  ----------------------
/opt/airflow/dags/etl_pipeline_dag.py                           1           0  1.32s           2026-07-28T03:27:40                      12
================================================================================
[2026-07-28T03:28:34.115+0000] {manager.py:465} INFO - Exiting gracefully upon receiving signal 15
