[2026-07-28T02:04:18.104+0000] {processor.py:186} INFO - Started process (PID=163) to work on /opt/airflow/dags/etl_pipeline_dag.py
[2026-07-28T02:04:18.106+0000] {processor.py:914} INFO - Processing file /opt/airflow/dags/etl_pipeline_dag.py for tasks to queue
[2026-07-28T02:04:18.112+0000] {logging_mixin.py:190} INFO - [2026-07-28T02:04:18.111+0000] {dagbag.py:588} INFO - Filling up the DagBag from /opt/airflow/dags/etl_pipeline_dag.py
[2026-07-28T02:04:20.857+0000] {logging_mixin.py:190} INFO - [2026-07-28T02:04:20.835+0000] {dagbag.py:387} ERROR - Failed to import: /opt/airflow/dags/etl_pipeline_dag.py
Traceback (most recent call last):
  File "/home/airflow/.local/lib/python3.12/site-packages/airflow/models/dagbag.py", line 383, in parse
    loader.exec_module(new_module)
  File "<frozen importlib._bootstrap_external>", line 995, in exec_module
  File "<frozen importlib._bootstrap>", line 488, in _call_with_frames_removed
  File "/opt/airflow/dags/etl_pipeline_dag.py", line 10, in <module>
    from scripts.validate import validate_data
  File "/opt/airflow/project/scripts/validate.py", line 11, in <module>
    from config.logger import logger
  File "/opt/airflow/project/config/logger.py", line 6, in <module>
    from loguru import logger
ModuleNotFoundError: No module named 'loguru'
[2026-07-28T02:04:20.862+0000] {processor.py:927} WARNING - No viable dags retrieved from /opt/airflow/dags/etl_pipeline_dag.py
[2026-07-28T02:04:20.896+0000] {processor.py:208} INFO - Processing /opt/airflow/dags/etl_pipeline_dag.py took 2.810 seconds
[2026-07-28T02:04:51.394+0000] {processor.py:186} INFO - Started process (PID=169) to work on /opt/airflow/dags/etl_pipeline_dag.py
[2026-07-28T02:04:51.396+0000] {processor.py:914} INFO - Processing file /opt/airflow/dags/etl_pipeline_dag.py for tasks to queue
[2026-07-28T02:04:51.401+0000] {logging_mixin.py:190} INFO - [2026-07-28T02:04:51.400+0000] {dagbag.py:588} INFO - Filling up the DagBag from /opt/airflow/dags/etl_pipeline_dag.py
[2026-07-28T02:04:52.639+0000] {logging_mixin.py:190} INFO - [2026-07-28T02:04:52.586+0000] {dagbag.py:387} ERROR - Failed to import: /opt/airflow/dags/etl_pipeline_dag.py
Traceback (most recent call last):
  File "/home/airflow/.local/lib/python3.12/site-packages/airflow/models/dagbag.py", line 383, in parse
    loader.exec_module(new_module)
  File "<frozen importlib._bootstrap_external>", line 995, in exec_module
  File "<frozen importlib._bootstrap>", line 488, in _call_with_frames_removed
  File "/opt/airflow/dags/etl_pipeline_dag.py", line 10, in <module>
    from scripts.validate import validate_data
  File "/opt/airflow/project/scripts/validate.py", line 11, in <module>
    from config.logger import logger
  File "/opt/airflow/project/config/logger.py", line 6, in <module>
    from loguru import logger
ModuleNotFoundError: No module named 'loguru'
[2026-07-28T02:04:52.648+0000] {processor.py:927} WARNING - No viable dags retrieved from /opt/airflow/dags/etl_pipeline_dag.py
[2026-07-28T02:04:52.681+0000] {processor.py:208} INFO - Processing /opt/airflow/dags/etl_pipeline_dag.py took 1.299 seconds
[2026-07-28T02:05:22.923+0000] {processor.py:186} INFO - Started process (PID=175) to work on /opt/airflow/dags/etl_pipeline_dag.py
[2026-07-28T02:05:22.925+0000] {processor.py:914} INFO - Processing file /opt/airflow/dags/etl_pipeline_dag.py for tasks to queue
[2026-07-28T02:05:22.931+0000] {logging_mixin.py:190} INFO - [2026-07-28T02:05:22.930+0000] {dagbag.py:588} INFO - Filling up the DagBag from /opt/airflow/dags/etl_pipeline_dag.py
[2026-07-28T02:05:23.842+0000] {logging_mixin.py:190} INFO - [2026-07-28T02:05:23.822+0000] {dagbag.py:387} ERROR - Failed to import: /opt/airflow/dags/etl_pipeline_dag.py
Traceback (most recent call last):
  File "/home/airflow/.local/lib/python3.12/site-packages/airflow/models/dagbag.py", line 383, in parse
    loader.exec_module(new_module)
  File "<frozen importlib._bootstrap_external>", line 995, in exec_module
  File "<frozen importlib._bootstrap>", line 488, in _call_with_frames_removed
  File "/opt/airflow/dags/etl_pipeline_dag.py", line 10, in <module>
    from scripts.validate import validate_data
  File "/opt/airflow/project/scripts/validate.py", line 11, in <module>
    from config.logger import logger
  File "/opt/airflow/project/config/logger.py", line 6, in <module>
    from loguru import logger
ModuleNotFoundError: No module named 'loguru'
[2026-07-28T02:05:23.851+0000] {processor.py:927} WARNING - No viable dags retrieved from /opt/airflow/dags/etl_pipeline_dag.py
[2026-07-28T02:05:23.887+0000] {processor.py:208} INFO - Processing /opt/airflow/dags/etl_pipeline_dag.py took 0.981 seconds
[2026-07-28T02:05:54.236+0000] {processor.py:186} INFO - Started process (PID=181) to work on /opt/airflow/dags/etl_pipeline_dag.py
[2026-07-28T02:05:54.238+0000] {processor.py:914} INFO - Processing file /opt/airflow/dags/etl_pipeline_dag.py for tasks to queue
[2026-07-28T02:05:54.243+0000] {logging_mixin.py:190} INFO - [2026-07-28T02:05:54.242+0000] {dagbag.py:588} INFO - Filling up the DagBag from /opt/airflow/dags/etl_pipeline_dag.py
[2026-07-28T02:05:55.285+0000] {logging_mixin.py:190} INFO - [2026-07-28T02:05:55.260+0000] {dagbag.py:387} ERROR - Failed to import: /opt/airflow/dags/etl_pipeline_dag.py
Traceback (most recent call last):
  File "/home/airflow/.local/lib/python3.12/site-packages/airflow/models/dagbag.py", line 383, in parse
    loader.exec_module(new_module)
  File "<frozen importlib._bootstrap_external>", line 995, in exec_module
  File "<frozen importlib._bootstrap>", line 488, in _call_with_frames_removed
  File "/opt/airflow/dags/etl_pipeline_dag.py", line 10, in <module>
    from scripts.validate import validate_data
  File "/opt/airflow/project/scripts/validate.py", line 11, in <module>
    from config.logger import logger
  File "/opt/airflow/project/config/logger.py", line 6, in <module>
    from loguru import logger
ModuleNotFoundError: No module named 'loguru'
[2026-07-28T02:05:55.292+0000] {processor.py:927} WARNING - No viable dags retrieved from /opt/airflow/dags/etl_pipeline_dag.py
[2026-07-28T02:05:55.332+0000] {processor.py:208} INFO - Processing /opt/airflow/dags/etl_pipeline_dag.py took 1.109 seconds
[2026-07-28T02:06:25.658+0000] {processor.py:186} INFO - Started process (PID=187) to work on /opt/airflow/dags/etl_pipeline_dag.py
[2026-07-28T02:06:25.661+0000] {processor.py:914} INFO - Processing file /opt/airflow/dags/etl_pipeline_dag.py for tasks to queue
[2026-07-28T02:06:25.668+0000] {logging_mixin.py:190} INFO - [2026-07-28T02:06:25.667+0000] {dagbag.py:588} INFO - Filling up the DagBag from /opt/airflow/dags/etl_pipeline_dag.py
[2026-07-28T02:06:26.945+0000] {logging_mixin.py:190} INFO - [2026-07-28T02:06:26.920+0000] {dagbag.py:387} ERROR - Failed to import: /opt/airflow/dags/etl_pipeline_dag.py
Traceback (most recent call last):
  File "/home/airflow/.local/lib/python3.12/site-packages/airflow/models/dagbag.py", line 383, in parse
    loader.exec_module(new_module)
  File "<frozen importlib._bootstrap_external>", line 995, in exec_module
  File "<frozen importlib._bootstrap>", line 488, in _call_with_frames_removed
  File "/opt/airflow/dags/etl_pipeline_dag.py", line 10, in <module>
    from scripts.validate import validate_data
  File "/opt/airflow/project/scripts/validate.py", line 11, in <module>
    from config.logger import logger
  File "/opt/airflow/project/config/logger.py", line 6, in <module>
    from loguru import logger
ModuleNotFoundError: No module named 'loguru'
[2026-07-28T02:06:26.951+0000] {processor.py:927} WARNING - No viable dags retrieved from /opt/airflow/dags/etl_pipeline_dag.py
[2026-07-28T02:06:26.990+0000] {processor.py:208} INFO - Processing /opt/airflow/dags/etl_pipeline_dag.py took 1.357 seconds
[2026-07-28T02:06:57.415+0000] {processor.py:186} INFO - Started process (PID=193) to work on /opt/airflow/dags/etl_pipeline_dag.py
[2026-07-28T02:06:57.418+0000] {processor.py:914} INFO - Processing file /opt/airflow/dags/etl_pipeline_dag.py for tasks to queue
[2026-07-28T02:06:57.423+0000] {logging_mixin.py:190} INFO - [2026-07-28T02:06:57.423+0000] {dagbag.py:588} INFO - Filling up the DagBag from /opt/airflow/dags/etl_pipeline_dag.py
[2026-07-28T02:06:59.139+0000] {logging_mixin.py:190} INFO - [2026-07-28T02:06:59.023+0000] {dagbag.py:387} ERROR - Failed to import: /opt/airflow/dags/etl_pipeline_dag.py
Traceback (most recent call last):
  File "/home/airflow/.local/lib/python3.12/site-packages/airflow/models/dagbag.py", line 383, in parse
    loader.exec_module(new_module)
  File "<frozen importlib._bootstrap_external>", line 995, in exec_module
  File "<frozen importlib._bootstrap>", line 488, in _call_with_frames_removed
  File "/opt/airflow/dags/etl_pipeline_dag.py", line 10, in <module>
    from scripts.validate import validate_data
  File "/opt/airflow/project/scripts/validate.py", line 11, in <module>
    from config.logger import logger
  File "/opt/airflow/project/config/logger.py", line 6, in <module>
    from loguru import logger
ModuleNotFoundError: No module named 'loguru'
[2026-07-28T02:06:59.154+0000] {processor.py:927} WARNING - No viable dags retrieved from /opt/airflow/dags/etl_pipeline_dag.py
[2026-07-28T02:06:59.221+0000] {processor.py:208} INFO - Processing /opt/airflow/dags/etl_pipeline_dag.py took 1.825 seconds
[2026-07-28T02:07:29.449+0000] {processor.py:186} INFO - Started process (PID=199) to work on /opt/airflow/dags/etl_pipeline_dag.py
[2026-07-28T02:07:29.452+0000] {processor.py:914} INFO - Processing file /opt/airflow/dags/etl_pipeline_dag.py for tasks to queue
[2026-07-28T02:07:29.458+0000] {logging_mixin.py:190} INFO - [2026-07-28T02:07:29.457+0000] {dagbag.py:588} INFO - Filling up the DagBag from /opt/airflow/dags/etl_pipeline_dag.py
[2026-07-28T02:07:30.575+0000] {logging_mixin.py:190} INFO - [2026-07-28T02:07:30.550+0000] {dagbag.py:387} ERROR - Failed to import: /opt/airflow/dags/etl_pipeline_dag.py
Traceback (most recent call last):
  File "/home/airflow/.local/lib/python3.12/site-packages/airflow/models/dagbag.py", line 383, in parse
    loader.exec_module(new_module)
  File "<frozen importlib._bootstrap_external>", line 995, in exec_module
  File "<frozen importlib._bootstrap>", line 488, in _call_with_frames_removed
  File "/opt/airflow/dags/etl_pipeline_dag.py", line 10, in <module>
    from scripts.validate import validate_data
  File "/opt/airflow/project/scripts/validate.py", line 11, in <module>
    from config.logger import logger
  File "/opt/airflow/project/config/logger.py", line 6, in <module>
    from loguru import logger
ModuleNotFoundError: No module named 'loguru'
[2026-07-28T02:07:30.582+0000] {processor.py:927} WARNING - No viable dags retrieved from /opt/airflow/dags/etl_pipeline_dag.py
[2026-07-28T02:07:30.627+0000] {processor.py:208} INFO - Processing /opt/airflow/dags/etl_pipeline_dag.py took 1.198 seconds
[2026-07-28T02:08:01.176+0000] {processor.py:186} INFO - Started process (PID=205) to work on /opt/airflow/dags/etl_pipeline_dag.py
[2026-07-28T02:08:01.177+0000] {processor.py:914} INFO - Processing file /opt/airflow/dags/etl_pipeline_dag.py for tasks to queue
[2026-07-28T02:08:01.183+0000] {logging_mixin.py:190} INFO - [2026-07-28T02:08:01.182+0000] {dagbag.py:588} INFO - Filling up the DagBag from /opt/airflow/dags/etl_pipeline_dag.py
[2026-07-28T02:08:02.424+0000] {logging_mixin.py:190} INFO - [2026-07-28T02:08:02.400+0000] {dagbag.py:387} ERROR - Failed to import: /opt/airflow/dags/etl_pipeline_dag.py
Traceback (most recent call last):
  File "/home/airflow/.local/lib/python3.12/site-packages/airflow/models/dagbag.py", line 383, in parse
    loader.exec_module(new_module)
  File "<frozen importlib._bootstrap_external>", line 995, in exec_module
  File "<frozen importlib._bootstrap>", line 488, in _call_with_frames_removed
  File "/opt/airflow/dags/etl_pipeline_dag.py", line 10, in <module>
    from scripts.validate import validate_data
  File "/opt/airflow/project/scripts/validate.py", line 11, in <module>
    from config.logger import logger
  File "/opt/airflow/project/config/logger.py", line 6, in <module>
    from loguru import logger
ModuleNotFoundError: No module named 'loguru'
[2026-07-28T02:08:02.431+0000] {processor.py:927} WARNING - No viable dags retrieved from /opt/airflow/dags/etl_pipeline_dag.py
[2026-07-28T02:08:02.475+0000] {processor.py:208} INFO - Processing /opt/airflow/dags/etl_pipeline_dag.py took 1.312 seconds
[2026-07-28T02:08:32.931+0000] {processor.py:186} INFO - Started process (PID=211) to work on /opt/airflow/dags/etl_pipeline_dag.py
[2026-07-28T02:08:32.933+0000] {processor.py:914} INFO - Processing file /opt/airflow/dags/etl_pipeline_dag.py for tasks to queue
[2026-07-28T02:08:32.937+0000] {logging_mixin.py:190} INFO - [2026-07-28T02:08:32.936+0000] {dagbag.py:588} INFO - Filling up the DagBag from /opt/airflow/dags/etl_pipeline_dag.py
[2026-07-28T02:08:34.056+0000] {logging_mixin.py:190} INFO - [2026-07-28T02:08:34.034+0000] {dagbag.py:387} ERROR - Failed to import: /opt/airflow/dags/etl_pipeline_dag.py
Traceback (most recent call last):
  File "/home/airflow/.local/lib/python3.12/site-packages/airflow/models/dagbag.py", line 383, in parse
    loader.exec_module(new_module)
  File "<frozen importlib._bootstrap_external>", line 995, in exec_module
  File "<frozen importlib._bootstrap>", line 488, in _call_with_frames_removed
  File "/opt/airflow/dags/etl_pipeline_dag.py", line 10, in <module>
    from scripts.validate import validate_data
  File "/opt/airflow/project/scripts/validate.py", line 11, in <module>
    from config.logger import logger
  File "/opt/airflow/project/config/logger.py", line 6, in <module>
    from loguru import logger
ModuleNotFoundError: No module named 'loguru'
[2026-07-28T02:08:34.061+0000] {processor.py:927} WARNING - No viable dags retrieved from /opt/airflow/dags/etl_pipeline_dag.py
[2026-07-28T02:08:34.097+0000] {processor.py:208} INFO - Processing /opt/airflow/dags/etl_pipeline_dag.py took 1.181 seconds
[2026-07-28T02:09:04.293+0000] {processor.py:186} INFO - Started process (PID=217) to work on /opt/airflow/dags/etl_pipeline_dag.py
[2026-07-28T02:09:04.295+0000] {processor.py:914} INFO - Processing file /opt/airflow/dags/etl_pipeline_dag.py for tasks to queue
[2026-07-28T02:09:04.299+0000] {logging_mixin.py:190} INFO - [2026-07-28T02:09:04.298+0000] {dagbag.py:588} INFO - Filling up the DagBag from /opt/airflow/dags/etl_pipeline_dag.py
[2026-07-28T02:09:05.191+0000] {logging_mixin.py:190} INFO - [2026-07-28T02:09:05.169+0000] {dagbag.py:387} ERROR - Failed to import: /opt/airflow/dags/etl_pipeline_dag.py
Traceback (most recent call last):
  File "/home/airflow/.local/lib/python3.12/site-packages/airflow/models/dagbag.py", line 383, in parse
    loader.exec_module(new_module)
  File "<frozen importlib._bootstrap_external>", line 995, in exec_module
  File "<frozen importlib._bootstrap>", line 488, in _call_with_frames_removed
  File "/opt/airflow/dags/etl_pipeline_dag.py", line 10, in <module>
    from scripts.validate import validate_data
  File "/opt/airflow/project/scripts/validate.py", line 11, in <module>
    from config.logger import logger
  File "/opt/airflow/project/config/logger.py", line 6, in <module>
    from loguru import logger
ModuleNotFoundError: No module named 'loguru'
[2026-07-28T02:09:05.197+0000] {processor.py:927} WARNING - No viable dags retrieved from /opt/airflow/dags/etl_pipeline_dag.py
[2026-07-28T02:09:05.234+0000] {processor.py:208} INFO - Processing /opt/airflow/dags/etl_pipeline_dag.py took 0.956 seconds
[2026-07-28T02:09:35.732+0000] {processor.py:186} INFO - Started process (PID=223) to work on /opt/airflow/dags/etl_pipeline_dag.py
[2026-07-28T02:09:35.735+0000] {processor.py:914} INFO - Processing file /opt/airflow/dags/etl_pipeline_dag.py for tasks to queue
[2026-07-28T02:09:35.742+0000] {logging_mixin.py:190} INFO - [2026-07-28T02:09:35.741+0000] {dagbag.py:588} INFO - Filling up the DagBag from /opt/airflow/dags/etl_pipeline_dag.py
[2026-07-28T02:09:37.125+0000] {logging_mixin.py:190} INFO - [2026-07-28T02:09:37.092+0000] {dagbag.py:387} ERROR - Failed to import: /opt/airflow/dags/etl_pipeline_dag.py
Traceback (most recent call last):
  File "/home/airflow/.local/lib/python3.12/site-packages/airflow/models/dagbag.py", line 383, in parse
    loader.exec_module(new_module)
  File "<frozen importlib._bootstrap_external>", line 995, in exec_module
  File "<frozen importlib._bootstrap>", line 488, in _call_with_frames_removed
  File "/opt/airflow/dags/etl_pipeline_dag.py", line 10, in <module>
    from scripts.validate import validate_data
  File "/opt/airflow/project/scripts/validate.py", line 11, in <module>
    from config.logger import logger
  File "/opt/airflow/project/config/logger.py", line 6, in <module>
    from loguru import logger
ModuleNotFoundError: No module named 'loguru'
[2026-07-28T02:09:37.132+0000] {processor.py:927} WARNING - No viable dags retrieved from /opt/airflow/dags/etl_pipeline_dag.py
[2026-07-28T02:09:37.178+0000] {processor.py:208} INFO - Processing /opt/airflow/dags/etl_pipeline_dag.py took 1.472 seconds
[2026-07-28T02:10:07.663+0000] {processor.py:186} INFO - Started process (PID=229) to work on /opt/airflow/dags/etl_pipeline_dag.py
[2026-07-28T02:10:07.666+0000] {processor.py:914} INFO - Processing file /opt/airflow/dags/etl_pipeline_dag.py for tasks to queue
[2026-07-28T02:10:07.673+0000] {logging_mixin.py:190} INFO - [2026-07-28T02:10:07.672+0000] {dagbag.py:588} INFO - Filling up the DagBag from /opt/airflow/dags/etl_pipeline_dag.py
[2026-07-28T02:10:09.008+0000] {logging_mixin.py:190} INFO - [2026-07-28T02:10:08.962+0000] {dagbag.py:387} ERROR - Failed to import: /opt/airflow/dags/etl_pipeline_dag.py
Traceback (most recent call last):
  File "/home/airflow/.local/lib/python3.12/site-packages/airflow/models/dagbag.py", line 383, in parse
    loader.exec_module(new_module)
  File "<frozen importlib._bootstrap_external>", line 995, in exec_module
  File "<frozen importlib._bootstrap>", line 488, in _call_with_frames_removed
  File "/opt/airflow/dags/etl_pipeline_dag.py", line 10, in <module>
    from scripts.validate import validate_data
  File "/opt/airflow/project/scripts/validate.py", line 11, in <module>
    from config.logger import logger
  File "/opt/airflow/project/config/logger.py", line 6, in <module>
    from loguru import logger
ModuleNotFoundError: No module named 'loguru'
[2026-07-28T02:10:09.020+0000] {processor.py:927} WARNING - No viable dags retrieved from /opt/airflow/dags/etl_pipeline_dag.py
[2026-07-28T02:10:09.082+0000] {processor.py:208} INFO - Processing /opt/airflow/dags/etl_pipeline_dag.py took 1.446 seconds
[2026-07-28T02:10:39.436+0000] {processor.py:186} INFO - Started process (PID=235) to work on /opt/airflow/dags/etl_pipeline_dag.py
[2026-07-28T02:10:39.437+0000] {processor.py:914} INFO - Processing file /opt/airflow/dags/etl_pipeline_dag.py for tasks to queue
[2026-07-28T02:10:39.441+0000] {logging_mixin.py:190} INFO - [2026-07-28T02:10:39.441+0000] {dagbag.py:588} INFO - Filling up the DagBag from /opt/airflow/dags/etl_pipeline_dag.py
[2026-07-28T02:10:40.260+0000] {logging_mixin.py:190} INFO - [2026-07-28T02:10:40.238+0000] {dagbag.py:387} ERROR - Failed to import: /opt/airflow/dags/etl_pipeline_dag.py
Traceback (most recent call last):
  File "/home/airflow/.local/lib/python3.12/site-packages/airflow/models/dagbag.py", line 383, in parse
    loader.exec_module(new_module)
  File "<frozen importlib._bootstrap_external>", line 995, in exec_module
  File "<frozen importlib._bootstrap>", line 488, in _call_with_frames_removed
  File "/opt/airflow/dags/etl_pipeline_dag.py", line 10, in <module>
    from scripts.validate import validate_data
  File "/opt/airflow/project/scripts/validate.py", line 11, in <module>
    from config.logger import logger
  File "/opt/airflow/project/config/logger.py", line 6, in <module>
    from loguru import logger
ModuleNotFoundError: No module named 'loguru'
[2026-07-28T02:10:40.266+0000] {processor.py:927} WARNING - No viable dags retrieved from /opt/airflow/dags/etl_pipeline_dag.py
[2026-07-28T02:10:40.295+0000] {processor.py:208} INFO - Processing /opt/airflow/dags/etl_pipeline_dag.py took 0.872 seconds
[2026-07-28T02:11:10.784+0000] {processor.py:186} INFO - Started process (PID=241) to work on /opt/airflow/dags/etl_pipeline_dag.py
[2026-07-28T02:11:10.786+0000] {processor.py:914} INFO - Processing file /opt/airflow/dags/etl_pipeline_dag.py for tasks to queue
[2026-07-28T02:11:10.792+0000] {logging_mixin.py:190} INFO - [2026-07-28T02:11:10.791+0000] {dagbag.py:588} INFO - Filling up the DagBag from /opt/airflow/dags/etl_pipeline_dag.py
[2026-07-28T02:11:11.898+0000] {logging_mixin.py:190} INFO - [2026-07-28T02:11:11.873+0000] {dagbag.py:387} ERROR - Failed to import: /opt/airflow/dags/etl_pipeline_dag.py
Traceback (most recent call last):
  File "/home/airflow/.local/lib/python3.12/site-packages/airflow/models/dagbag.py", line 383, in parse
    loader.exec_module(new_module)
  File "<frozen importlib._bootstrap_external>", line 995, in exec_module
  File "<frozen importlib._bootstrap>", line 488, in _call_with_frames_removed
  File "/opt/airflow/dags/etl_pipeline_dag.py", line 10, in <module>
    from scripts.validate import validate_data
  File "/opt/airflow/project/scripts/validate.py", line 11, in <module>
    from config.logger import logger
  File "/opt/airflow/project/config/logger.py", line 6, in <module>
    from loguru import logger
ModuleNotFoundError: No module named 'loguru'
[2026-07-28T02:11:11.906+0000] {processor.py:927} WARNING - No viable dags retrieved from /opt/airflow/dags/etl_pipeline_dag.py
[2026-07-28T02:11:11.947+0000] {processor.py:208} INFO - Processing /opt/airflow/dags/etl_pipeline_dag.py took 1.178 seconds
[2026-07-28T02:11:42.192+0000] {processor.py:186} INFO - Started process (PID=247) to work on /opt/airflow/dags/etl_pipeline_dag.py
[2026-07-28T02:11:42.194+0000] {processor.py:914} INFO - Processing file /opt/airflow/dags/etl_pipeline_dag.py for tasks to queue
[2026-07-28T02:11:42.198+0000] {logging_mixin.py:190} INFO - [2026-07-28T02:11:42.197+0000] {dagbag.py:588} INFO - Filling up the DagBag from /opt/airflow/dags/etl_pipeline_dag.py
[2026-07-28T02:11:43.089+0000] {logging_mixin.py:190} INFO - [2026-07-28T02:11:43.069+0000] {dagbag.py:387} ERROR - Failed to import: /opt/airflow/dags/etl_pipeline_dag.py
Traceback (most recent call last):
  File "/home/airflow/.local/lib/python3.12/site-packages/airflow/models/dagbag.py", line 383, in parse
    loader.exec_module(new_module)
  File "<frozen importlib._bootstrap_external>", line 995, in exec_module
  File "<frozen importlib._bootstrap>", line 488, in _call_with_frames_removed
  File "/opt/airflow/dags/etl_pipeline_dag.py", line 10, in <module>
    from scripts.validate import validate_data
  File "/opt/airflow/project/scripts/validate.py", line 11, in <module>
    from config.logger import logger
  File "/opt/airflow/project/config/logger.py", line 6, in <module>
    from loguru import logger
ModuleNotFoundError: No module named 'loguru'
[2026-07-28T02:11:43.095+0000] {processor.py:927} WARNING - No viable dags retrieved from /opt/airflow/dags/etl_pipeline_dag.py
[2026-07-28T02:11:43.127+0000] {processor.py:208} INFO - Processing /opt/airflow/dags/etl_pipeline_dag.py took 0.951 seconds
[2026-07-28T02:12:13.570+0000] {processor.py:186} INFO - Started process (PID=253) to work on /opt/airflow/dags/etl_pipeline_dag.py
[2026-07-28T02:12:13.573+0000] {processor.py:914} INFO - Processing file /opt/airflow/dags/etl_pipeline_dag.py for tasks to queue
[2026-07-28T02:12:13.581+0000] {logging_mixin.py:190} INFO - [2026-07-28T02:12:13.580+0000] {dagbag.py:588} INFO - Filling up the DagBag from /opt/airflow/dags/etl_pipeline_dag.py
[2026-07-28T02:12:14.733+0000] {logging_mixin.py:190} INFO - [2026-07-28T02:12:14.706+0000] {dagbag.py:387} ERROR - Failed to import: /opt/airflow/dags/etl_pipeline_dag.py
Traceback (most recent call last):
  File "/home/airflow/.local/lib/python3.12/site-packages/airflow/models/dagbag.py", line 383, in parse
    loader.exec_module(new_module)
  File "<frozen importlib._bootstrap_external>", line 995, in exec_module
  File "<frozen importlib._bootstrap>", line 488, in _call_with_frames_removed
  File "/opt/airflow/dags/etl_pipeline_dag.py", line 10, in <module>
    from scripts.validate import validate_data
  File "/opt/airflow/project/scripts/validate.py", line 11, in <module>
    from config.logger import logger
  File "/opt/airflow/project/config/logger.py", line 6, in <module>
    from loguru import logger
ModuleNotFoundError: No module named 'loguru'
[2026-07-28T02:12:14.742+0000] {processor.py:927} WARNING - No viable dags retrieved from /opt/airflow/dags/etl_pipeline_dag.py
[2026-07-28T02:12:14.786+0000] {processor.py:208} INFO - Processing /opt/airflow/dags/etl_pipeline_dag.py took 1.235 seconds
[2026-07-28T02:12:44.960+0000] {processor.py:186} INFO - Started process (PID=259) to work on /opt/airflow/dags/etl_pipeline_dag.py
[2026-07-28T02:12:44.963+0000] {processor.py:914} INFO - Processing file /opt/airflow/dags/etl_pipeline_dag.py for tasks to queue
[2026-07-28T02:12:44.970+0000] {logging_mixin.py:190} INFO - [2026-07-28T02:12:44.969+0000] {dagbag.py:588} INFO - Filling up the DagBag from /opt/airflow/dags/etl_pipeline_dag.py
[2026-07-28T02:12:45.898+0000] {logging_mixin.py:190} INFO - [2026-07-28T02:12:45.880+0000] {dagbag.py:387} ERROR - Failed to import: /opt/airflow/dags/etl_pipeline_dag.py
Traceback (most recent call last):
  File "/home/airflow/.local/lib/python3.12/site-packages/airflow/models/dagbag.py", line 383, in parse
    loader.exec_module(new_module)
  File "<frozen importlib._bootstrap_external>", line 995, in exec_module
  File "<frozen importlib._bootstrap>", line 488, in _call_with_frames_removed
  File "/opt/airflow/dags/etl_pipeline_dag.py", line 10, in <module>
    from scripts.validate import validate_data
  File "/opt/airflow/project/scripts/validate.py", line 11, in <module>
    from config.logger import logger
  File "/opt/airflow/project/config/logger.py", line 6, in <module>
    from loguru import logger
ModuleNotFoundError: No module named 'loguru'
[2026-07-28T02:12:45.903+0000] {processor.py:927} WARNING - No viable dags retrieved from /opt/airflow/dags/etl_pipeline_dag.py
[2026-07-28T02:12:45.932+0000] {processor.py:208} INFO - Processing /opt/airflow/dags/etl_pipeline_dag.py took 0.994 seconds
[2026-07-28T02:13:16.316+0000] {processor.py:186} INFO - Started process (PID=265) to work on /opt/airflow/dags/etl_pipeline_dag.py
[2026-07-28T02:13:16.318+0000] {processor.py:914} INFO - Processing file /opt/airflow/dags/etl_pipeline_dag.py for tasks to queue
[2026-07-28T02:13:16.322+0000] {logging_mixin.py:190} INFO - [2026-07-28T02:13:16.322+0000] {dagbag.py:588} INFO - Filling up the DagBag from /opt/airflow/dags/etl_pipeline_dag.py
[2026-07-28T02:13:17.340+0000] {logging_mixin.py:190} INFO - [2026-07-28T02:13:17.320+0000] {dagbag.py:387} ERROR - Failed to import: /opt/airflow/dags/etl_pipeline_dag.py
Traceback (most recent call last):
  File "/home/airflow/.local/lib/python3.12/site-packages/airflow/models/dagbag.py", line 383, in parse
    loader.exec_module(new_module)
  File "<frozen importlib._bootstrap_external>", line 995, in exec_module
  File "<frozen importlib._bootstrap>", line 488, in _call_with_frames_removed
  File "/opt/airflow/dags/etl_pipeline_dag.py", line 10, in <module>
    from scripts.validate import validate_data
  File "/opt/airflow/project/scripts/validate.py", line 11, in <module>
    from config.logger import logger
  File "/opt/airflow/project/config/logger.py", line 6, in <module>
    from loguru import logger
ModuleNotFoundError: No module named 'loguru'
[2026-07-28T02:13:17.346+0000] {processor.py:927} WARNING - No viable dags retrieved from /opt/airflow/dags/etl_pipeline_dag.py
[2026-07-28T02:13:17.377+0000] {processor.py:208} INFO - Processing /opt/airflow/dags/etl_pipeline_dag.py took 1.076 seconds
[2026-07-28T02:13:47.689+0000] {processor.py:186} INFO - Started process (PID=271) to work on /opt/airflow/dags/etl_pipeline_dag.py
[2026-07-28T02:13:47.691+0000] {processor.py:914} INFO - Processing file /opt/airflow/dags/etl_pipeline_dag.py for tasks to queue
[2026-07-28T02:13:47.696+0000] {logging_mixin.py:190} INFO - [2026-07-28T02:13:47.696+0000] {dagbag.py:588} INFO - Filling up the DagBag from /opt/airflow/dags/etl_pipeline_dag.py
[2026-07-28T02:13:48.738+0000] {logging_mixin.py:190} INFO - [2026-07-28T02:13:48.710+0000] {dagbag.py:387} ERROR - Failed to import: /opt/airflow/dags/etl_pipeline_dag.py
Traceback (most recent call last):
  File "/home/airflow/.local/lib/python3.12/site-packages/airflow/models/dagbag.py", line 383, in parse
    loader.exec_module(new_module)
  File "<frozen importlib._bootstrap_external>", line 995, in exec_module
  File "<frozen importlib._bootstrap>", line 488, in _call_with_frames_removed
  File "/opt/airflow/dags/etl_pipeline_dag.py", line 10, in <module>
    from scripts.validate import validate_data
  File "/opt/airflow/project/scripts/validate.py", line 11, in <module>
    from config.logger import logger
  File "/opt/airflow/project/config/logger.py", line 6, in <module>
    from loguru import logger
ModuleNotFoundError: No module named 'loguru'
[2026-07-28T02:13:48.744+0000] {processor.py:927} WARNING - No viable dags retrieved from /opt/airflow/dags/etl_pipeline_dag.py
[2026-07-28T02:13:48.782+0000] {processor.py:208} INFO - Processing /opt/airflow/dags/etl_pipeline_dag.py took 1.108 seconds
[2026-07-28T02:14:19.252+0000] {processor.py:186} INFO - Started process (PID=277) to work on /opt/airflow/dags/etl_pipeline_dag.py
[2026-07-28T02:14:19.257+0000] {processor.py:914} INFO - Processing file /opt/airflow/dags/etl_pipeline_dag.py for tasks to queue
[2026-07-28T02:14:19.265+0000] {logging_mixin.py:190} INFO - [2026-07-28T02:14:19.263+0000] {dagbag.py:588} INFO - Filling up the DagBag from /opt/airflow/dags/etl_pipeline_dag.py
[2026-07-28T02:14:20.210+0000] {logging_mixin.py:190} INFO - [2026-07-28T02:14:20.191+0000] {dagbag.py:387} ERROR - Failed to import: /opt/airflow/dags/etl_pipeline_dag.py
Traceback (most recent call last):
  File "/home/airflow/.local/lib/python3.12/site-packages/airflow/models/dagbag.py", line 383, in parse
    loader.exec_module(new_module)
  File "<frozen importlib._bootstrap_external>", line 995, in exec_module
  File "<frozen importlib._bootstrap>", line 488, in _call_with_frames_removed
  File "/opt/airflow/dags/etl_pipeline_dag.py", line 10, in <module>
    from scripts.validate import validate_data
  File "/opt/airflow/project/scripts/validate.py", line 11, in <module>
    from config.logger import logger
  File "/opt/airflow/project/config/logger.py", line 6, in <module>
    from loguru import logger
ModuleNotFoundError: No module named 'loguru'
[2026-07-28T02:14:20.214+0000] {processor.py:927} WARNING - No viable dags retrieved from /opt/airflow/dags/etl_pipeline_dag.py
[2026-07-28T02:14:20.245+0000] {processor.py:208} INFO - Processing /opt/airflow/dags/etl_pipeline_dag.py took 1.028 seconds
[2026-07-28T02:14:50.598+0000] {processor.py:186} INFO - Started process (PID=283) to work on /opt/airflow/dags/etl_pipeline_dag.py
[2026-07-28T02:14:50.601+0000] {processor.py:914} INFO - Processing file /opt/airflow/dags/etl_pipeline_dag.py for tasks to queue
[2026-07-28T02:14:50.605+0000] {logging_mixin.py:190} INFO - [2026-07-28T02:14:50.605+0000] {dagbag.py:588} INFO - Filling up the DagBag from /opt/airflow/dags/etl_pipeline_dag.py
[2026-07-28T02:14:51.750+0000] {logging_mixin.py:190} INFO - [2026-07-28T02:14:51.725+0000] {dagbag.py:387} ERROR - Failed to import: /opt/airflow/dags/etl_pipeline_dag.py
Traceback (most recent call last):
  File "/home/airflow/.local/lib/python3.12/site-packages/airflow/models/dagbag.py", line 383, in parse
    loader.exec_module(new_module)
  File "<frozen importlib._bootstrap_external>", line 995, in exec_module
  File "<frozen importlib._bootstrap>", line 488, in _call_with_frames_removed
  File "/opt/airflow/dags/etl_pipeline_dag.py", line 10, in <module>
    from scripts.validate import validate_data
  File "/opt/airflow/project/scripts/validate.py", line 11, in <module>
    from config.logger import logger
  File "/opt/airflow/project/config/logger.py", line 6, in <module>
    from loguru import logger
ModuleNotFoundError: No module named 'loguru'
[2026-07-28T02:14:51.756+0000] {processor.py:927} WARNING - No viable dags retrieved from /opt/airflow/dags/etl_pipeline_dag.py
[2026-07-28T02:14:51.790+0000] {processor.py:208} INFO - Processing /opt/airflow/dags/etl_pipeline_dag.py took 1.212 seconds
[2026-07-28T02:15:22.032+0000] {processor.py:186} INFO - Started process (PID=289) to work on /opt/airflow/dags/etl_pipeline_dag.py
[2026-07-28T02:15:22.035+0000] {processor.py:914} INFO - Processing file /opt/airflow/dags/etl_pipeline_dag.py for tasks to queue
[2026-07-28T02:15:22.043+0000] {logging_mixin.py:190} INFO - [2026-07-28T02:15:22.042+0000] {dagbag.py:588} INFO - Filling up the DagBag from /opt/airflow/dags/etl_pipeline_dag.py
[2026-07-28T02:15:23.309+0000] {logging_mixin.py:190} INFO - [2026-07-28T02:15:23.279+0000] {dagbag.py:387} ERROR - Failed to import: /opt/airflow/dags/etl_pipeline_dag.py
Traceback (most recent call last):
  File "/home/airflow/.local/lib/python3.12/site-packages/airflow/models/dagbag.py", line 383, in parse
    loader.exec_module(new_module)
  File "<frozen importlib._bootstrap_external>", line 995, in exec_module
  File "<frozen importlib._bootstrap>", line 488, in _call_with_frames_removed
  File "/opt/airflow/dags/etl_pipeline_dag.py", line 10, in <module>
    from scripts.validate import validate_data
  File "/opt/airflow/project/scripts/validate.py", line 11, in <module>
    from config.logger import logger
  File "/opt/airflow/project/config/logger.py", line 6, in <module>
    from loguru import logger
ModuleNotFoundError: No module named 'loguru'
[2026-07-28T02:15:23.316+0000] {processor.py:927} WARNING - No viable dags retrieved from /opt/airflow/dags/etl_pipeline_dag.py
[2026-07-28T02:15:23.356+0000] {processor.py:208} INFO - Processing /opt/airflow/dags/etl_pipeline_dag.py took 1.345 seconds
[2026-07-28T02:15:53.644+0000] {processor.py:186} INFO - Started process (PID=295) to work on /opt/airflow/dags/etl_pipeline_dag.py
[2026-07-28T02:15:53.646+0000] {processor.py:914} INFO - Processing file /opt/airflow/dags/etl_pipeline_dag.py for tasks to queue
[2026-07-28T02:15:53.650+0000] {logging_mixin.py:190} INFO - [2026-07-28T02:15:53.649+0000] {dagbag.py:588} INFO - Filling up the DagBag from /opt/airflow/dags/etl_pipeline_dag.py
[2026-07-28T02:15:54.567+0000] {logging_mixin.py:190} INFO - [2026-07-28T02:15:54.544+0000] {dagbag.py:387} ERROR - Failed to import: /opt/airflow/dags/etl_pipeline_dag.py
Traceback (most recent call last):
  File "/home/airflow/.local/lib/python3.12/site-packages/airflow/models/dagbag.py", line 383, in parse
    loader.exec_module(new_module)
  File "<frozen importlib._bootstrap_external>", line 995, in exec_module
  File "<frozen importlib._bootstrap>", line 488, in _call_with_frames_removed
  File "/opt/airflow/dags/etl_pipeline_dag.py", line 10, in <module>
    from scripts.validate import validate_data
  File "/opt/airflow/project/scripts/validate.py", line 11, in <module>
    from config.logger import logger
  File "/opt/airflow/project/config/logger.py", line 6, in <module>
    from loguru import logger
ModuleNotFoundError: No module named 'loguru'
[2026-07-28T02:15:54.572+0000] {processor.py:927} WARNING - No viable dags retrieved from /opt/airflow/dags/etl_pipeline_dag.py
[2026-07-28T02:15:54.603+0000] {processor.py:208} INFO - Processing /opt/airflow/dags/etl_pipeline_dag.py took 0.975 seconds
[2026-07-28T02:16:09.848+0000] {processor.py:186} INFO - Started process (PID=301) to work on /opt/airflow/dags/etl_pipeline_dag.py
[2026-07-28T02:16:09.850+0000] {processor.py:914} INFO - Processing file /opt/airflow/dags/etl_pipeline_dag.py for tasks to queue
[2026-07-28T02:16:09.855+0000] {logging_mixin.py:190} INFO - [2026-07-28T02:16:09.855+0000] {dagbag.py:588} INFO - Filling up the DagBag from /opt/airflow/dags/etl_pipeline_dag.py
[2026-07-28T02:16:10.010+0000] {logging_mixin.py:190} INFO - [2026-07-28T02:16:09.993+0000] {dagbag.py:387} ERROR - Failed to import: /opt/airflow/dags/etl_pipeline_dag.py
Traceback (most recent call last):
  File "/home/airflow/.local/lib/python3.12/site-packages/airflow/models/dagbag.py", line 383, in parse
    loader.exec_module(new_module)
  File "<frozen importlib._bootstrap_external>", line 995, in exec_module
  File "<frozen importlib._bootstrap>", line 488, in _call_with_frames_removed
  File "/opt/airflow/dags/etl_pipeline_dag.py", line 10, in <module>
    from scripts.airflow_tasks import (
  File "/opt/airflow/project/scripts/airflow_tasks.py", line 7, in <module>
    from config.logger import logger
  File "/opt/airflow/project/config/logger.py", line 6, in <module>
    from loguru import logger
ModuleNotFoundError: No module named 'loguru'
[2026-07-28T02:16:10.014+0000] {processor.py:927} WARNING - No viable dags retrieved from /opt/airflow/dags/etl_pipeline_dag.py
[2026-07-28T02:16:10.052+0000] {processor.py:208} INFO - Processing /opt/airflow/dags/etl_pipeline_dag.py took 0.220 seconds
[2026-07-28T02:17:28.179+0000] {processor.py:186} INFO - Started process (PID=164) to work on /opt/airflow/dags/etl_pipeline_dag.py
[2026-07-28T02:17:28.181+0000] {processor.py:914} INFO - Processing file /opt/airflow/dags/etl_pipeline_dag.py for tasks to queue
[2026-07-28T02:17:28.187+0000] {logging_mixin.py:190} INFO - [2026-07-28T02:17:28.186+0000] {dagbag.py:588} INFO - Filling up the DagBag from /opt/airflow/dags/etl_pipeline_dag.py
[2026-07-28T02:17:28.275+0000] {logging_mixin.py:190} INFO - [2026-07-28T02:17:28.256+0000] {dagbag.py:387} ERROR - Failed to import: /opt/airflow/dags/etl_pipeline_dag.py
Traceback (most recent call last):
  File "/home/airflow/.local/lib/python3.12/site-packages/airflow/models/dagbag.py", line 383, in parse
    loader.exec_module(new_module)
  File "<frozen importlib._bootstrap_external>", line 995, in exec_module
  File "<frozen importlib._bootstrap>", line 488, in _call_with_frames_removed
  File "/opt/airflow/dags/etl_pipeline_dag.py", line 10, in <module>
    from scripts.airflow_tasks import (
  File "/opt/airflow/project/scripts/airflow_tasks.py", line 7, in <module>
    from config.logger import logger
  File "/opt/airflow/project/config/logger.py", line 6, in <module>
    from loguru import logger
ModuleNotFoundError: No module named 'loguru'
[2026-07-28T02:17:28.280+0000] {processor.py:927} WARNING - No viable dags retrieved from /opt/airflow/dags/etl_pipeline_dag.py
[2026-07-28T02:17:28.324+0000] {processor.py:208} INFO - Processing /opt/airflow/dags/etl_pipeline_dag.py took 0.158 seconds
[2026-07-28T02:17:58.568+0000] {processor.py:186} INFO - Started process (PID=169) to work on /opt/airflow/dags/etl_pipeline_dag.py
[2026-07-28T02:17:58.570+0000] {processor.py:914} INFO - Processing file /opt/airflow/dags/etl_pipeline_dag.py for tasks to queue
[2026-07-28T02:17:58.577+0000] {logging_mixin.py:190} INFO - [2026-07-28T02:17:58.576+0000] {dagbag.py:588} INFO - Filling up the DagBag from /opt/airflow/dags/etl_pipeline_dag.py
[2026-07-28T02:17:58.696+0000] {logging_mixin.py:190} INFO - [2026-07-28T02:17:58.673+0000] {dagbag.py:387} ERROR - Failed to import: /opt/airflow/dags/etl_pipeline_dag.py
Traceback (most recent call last):
  File "/home/airflow/.local/lib/python3.12/site-packages/airflow/models/dagbag.py", line 383, in parse
    loader.exec_module(new_module)
  File "<frozen importlib._bootstrap_external>", line 995, in exec_module
  File "<frozen importlib._bootstrap>", line 488, in _call_with_frames_removed
  File "/opt/airflow/dags/etl_pipeline_dag.py", line 10, in <module>
    from scripts.airflow_tasks import (
  File "/opt/airflow/project/scripts/airflow_tasks.py", line 7, in <module>
    from config.logger import logger
  File "/opt/airflow/project/config/logger.py", line 6, in <module>
    from loguru import logger
ModuleNotFoundError: No module named 'loguru'
[2026-07-28T02:17:58.704+0000] {processor.py:927} WARNING - No viable dags retrieved from /opt/airflow/dags/etl_pipeline_dag.py
[2026-07-28T02:17:58.754+0000] {processor.py:208} INFO - Processing /opt/airflow/dags/etl_pipeline_dag.py took 0.201 seconds
[2026-07-28T02:18:29.093+0000] {processor.py:186} INFO - Started process (PID=174) to work on /opt/airflow/dags/etl_pipeline_dag.py
[2026-07-28T02:18:29.096+0000] {processor.py:914} INFO - Processing file /opt/airflow/dags/etl_pipeline_dag.py for tasks to queue
[2026-07-28T02:18:29.118+0000] {logging_mixin.py:190} INFO - [2026-07-28T02:18:29.115+0000] {dagbag.py:588} INFO - Filling up the DagBag from /opt/airflow/dags/etl_pipeline_dag.py
[2026-07-28T02:18:29.555+0000] {logging_mixin.py:190} INFO - [2026-07-28T02:18:29.520+0000] {dagbag.py:387} ERROR - Failed to import: /opt/airflow/dags/etl_pipeline_dag.py
Traceback (most recent call last):
  File "/home/airflow/.local/lib/python3.12/site-packages/airflow/models/dagbag.py", line 383, in parse
    loader.exec_module(new_module)
  File "<frozen importlib._bootstrap_external>", line 995, in exec_module
  File "<frozen importlib._bootstrap>", line 488, in _call_with_frames_removed
  File "/opt/airflow/dags/etl_pipeline_dag.py", line 10, in <module>
    from scripts.airflow_tasks import (
  File "/opt/airflow/project/scripts/airflow_tasks.py", line 7, in <module>
    from config.logger import logger
  File "/opt/airflow/project/config/logger.py", line 6, in <module>
    from loguru import logger
ModuleNotFoundError: No module named 'loguru'
[2026-07-28T02:18:29.564+0000] {processor.py:927} WARNING - No viable dags retrieved from /opt/airflow/dags/etl_pipeline_dag.py
[2026-07-28T02:18:29.630+0000] {processor.py:208} INFO - Processing /opt/airflow/dags/etl_pipeline_dag.py took 0.575 seconds
[2026-07-28T02:19:00.105+0000] {processor.py:186} INFO - Started process (PID=179) to work on /opt/airflow/dags/etl_pipeline_dag.py
[2026-07-28T02:19:00.107+0000] {processor.py:914} INFO - Processing file /opt/airflow/dags/etl_pipeline_dag.py for tasks to queue
[2026-07-28T02:19:00.114+0000] {logging_mixin.py:190} INFO - [2026-07-28T02:19:00.113+0000] {dagbag.py:588} INFO - Filling up the DagBag from /opt/airflow/dags/etl_pipeline_dag.py
[2026-07-28T02:19:00.229+0000] {logging_mixin.py:190} INFO - [2026-07-28T02:19:00.211+0000] {dagbag.py:387} ERROR - Failed to import: /opt/airflow/dags/etl_pipeline_dag.py
Traceback (most recent call last):
  File "/home/airflow/.local/lib/python3.12/site-packages/airflow/models/dagbag.py", line 383, in parse
    loader.exec_module(new_module)
  File "<frozen importlib._bootstrap_external>", line 995, in exec_module
  File "<frozen importlib._bootstrap>", line 488, in _call_with_frames_removed
  File "/opt/airflow/dags/etl_pipeline_dag.py", line 10, in <module>
    from scripts.airflow_tasks import (
  File "/opt/airflow/project/scripts/airflow_tasks.py", line 7, in <module>
    from config.logger import logger
  File "/opt/airflow/project/config/logger.py", line 6, in <module>
    from loguru import logger
ModuleNotFoundError: No module named 'loguru'
[2026-07-28T02:19:00.233+0000] {processor.py:927} WARNING - No viable dags retrieved from /opt/airflow/dags/etl_pipeline_dag.py
[2026-07-28T02:19:00.279+0000] {processor.py:208} INFO - Processing /opt/airflow/dags/etl_pipeline_dag.py took 0.186 seconds
[2026-07-28T02:19:30.508+0000] {processor.py:186} INFO - Started process (PID=184) to work on /opt/airflow/dags/etl_pipeline_dag.py
[2026-07-28T02:19:30.510+0000] {processor.py:914} INFO - Processing file /opt/airflow/dags/etl_pipeline_dag.py for tasks to queue
[2026-07-28T02:19:30.514+0000] {logging_mixin.py:190} INFO - [2026-07-28T02:19:30.514+0000] {dagbag.py:588} INFO - Filling up the DagBag from /opt/airflow/dags/etl_pipeline_dag.py
[2026-07-28T02:19:30.650+0000] {logging_mixin.py:190} INFO - [2026-07-28T02:19:30.621+0000] {dagbag.py:387} ERROR - Failed to import: /opt/airflow/dags/etl_pipeline_dag.py
Traceback (most recent call last):
  File "/home/airflow/.local/lib/python3.12/site-packages/airflow/models/dagbag.py", line 383, in parse
    loader.exec_module(new_module)
  File "<frozen importlib._bootstrap_external>", line 995, in exec_module
  File "<frozen importlib._bootstrap>", line 488, in _call_with_frames_removed
  File "/opt/airflow/dags/etl_pipeline_dag.py", line 10, in <module>
    from scripts.airflow_tasks import (
  File "/opt/airflow/project/scripts/airflow_tasks.py", line 7, in <module>
    from config.logger import logger
  File "/opt/airflow/project/config/logger.py", line 6, in <module>
    from loguru import logger
ModuleNotFoundError: No module named 'loguru'
[2026-07-28T02:19:30.656+0000] {processor.py:927} WARNING - No viable dags retrieved from /opt/airflow/dags/etl_pipeline_dag.py
[2026-07-28T02:19:30.706+0000] {processor.py:208} INFO - Processing /opt/airflow/dags/etl_pipeline_dag.py took 0.210 seconds
[2026-07-28T02:20:01.082+0000] {processor.py:186} INFO - Started process (PID=189) to work on /opt/airflow/dags/etl_pipeline_dag.py
[2026-07-28T02:20:01.085+0000] {processor.py:914} INFO - Processing file /opt/airflow/dags/etl_pipeline_dag.py for tasks to queue
[2026-07-28T02:20:01.095+0000] {logging_mixin.py:190} INFO - [2026-07-28T02:20:01.093+0000] {dagbag.py:588} INFO - Filling up the DagBag from /opt/airflow/dags/etl_pipeline_dag.py
[2026-07-28T02:20:01.270+0000] {logging_mixin.py:190} INFO - [2026-07-28T02:20:01.232+0000] {dagbag.py:387} ERROR - Failed to import: /opt/airflow/dags/etl_pipeline_dag.py
Traceback (most recent call last):
  File "/home/airflow/.local/lib/python3.12/site-packages/airflow/models/dagbag.py", line 383, in parse
    loader.exec_module(new_module)
  File "<frozen importlib._bootstrap_external>", line 995, in exec_module
  File "<frozen importlib._bootstrap>", line 488, in _call_with_frames_removed
  File "/opt/airflow/dags/etl_pipeline_dag.py", line 10, in <module>
    from scripts.airflow_tasks import (
  File "/opt/airflow/project/scripts/airflow_tasks.py", line 7, in <module>
    from config.logger import logger
  File "/opt/airflow/project/config/logger.py", line 6, in <module>
    from loguru import logger
ModuleNotFoundError: No module named 'loguru'
[2026-07-28T02:20:01.287+0000] {processor.py:927} WARNING - No viable dags retrieved from /opt/airflow/dags/etl_pipeline_dag.py
[2026-07-28T02:20:01.369+0000] {processor.py:208} INFO - Processing /opt/airflow/dags/etl_pipeline_dag.py took 0.308 seconds
[2026-07-28T02:20:31.826+0000] {processor.py:186} INFO - Started process (PID=194) to work on /opt/airflow/dags/etl_pipeline_dag.py
[2026-07-28T02:20:31.828+0000] {processor.py:914} INFO - Processing file /opt/airflow/dags/etl_pipeline_dag.py for tasks to queue
[2026-07-28T02:20:31.833+0000] {logging_mixin.py:190} INFO - [2026-07-28T02:20:31.833+0000] {dagbag.py:588} INFO - Filling up the DagBag from /opt/airflow/dags/etl_pipeline_dag.py
[2026-07-28T02:20:32.124+0000] {logging_mixin.py:190} INFO - [2026-07-28T02:20:32.100+0000] {dagbag.py:387} ERROR - Failed to import: /opt/airflow/dags/etl_pipeline_dag.py
Traceback (most recent call last):
  File "/home/airflow/.local/lib/python3.12/site-packages/airflow/models/dagbag.py", line 383, in parse
    loader.exec_module(new_module)
  File "<frozen importlib._bootstrap_external>", line 995, in exec_module
  File "<frozen importlib._bootstrap>", line 488, in _call_with_frames_removed
  File "/opt/airflow/dags/etl_pipeline_dag.py", line 10, in <module>
    from scripts.airflow_tasks import (
  File "/opt/airflow/project/scripts/airflow_tasks.py", line 7, in <module>
    from config.logger import logger
  File "/opt/airflow/project/config/logger.py", line 6, in <module>
    from loguru import logger
ModuleNotFoundError: No module named 'loguru'
[2026-07-28T02:20:32.131+0000] {processor.py:927} WARNING - No viable dags retrieved from /opt/airflow/dags/etl_pipeline_dag.py
[2026-07-28T02:20:32.185+0000] {processor.py:208} INFO - Processing /opt/airflow/dags/etl_pipeline_dag.py took 0.371 seconds
[2026-07-28T02:21:02.691+0000] {processor.py:186} INFO - Started process (PID=199) to work on /opt/airflow/dags/etl_pipeline_dag.py
[2026-07-28T02:21:02.693+0000] {processor.py:914} INFO - Processing file /opt/airflow/dags/etl_pipeline_dag.py for tasks to queue
[2026-07-28T02:21:02.700+0000] {logging_mixin.py:190} INFO - [2026-07-28T02:21:02.699+0000] {dagbag.py:588} INFO - Filling up the DagBag from /opt/airflow/dags/etl_pipeline_dag.py
[2026-07-28T02:21:02.819+0000] {logging_mixin.py:190} INFO - [2026-07-28T02:21:02.796+0000] {dagbag.py:387} ERROR - Failed to import: /opt/airflow/dags/etl_pipeline_dag.py
Traceback (most recent call last):
  File "/home/airflow/.local/lib/python3.12/site-packages/airflow/models/dagbag.py", line 383, in parse
    loader.exec_module(new_module)
  File "<frozen importlib._bootstrap_external>", line 995, in exec_module
  File "<frozen importlib._bootstrap>", line 488, in _call_with_frames_removed
  File "/opt/airflow/dags/etl_pipeline_dag.py", line 10, in <module>
    from scripts.airflow_tasks import (
  File "/opt/airflow/project/scripts/airflow_tasks.py", line 7, in <module>
    from config.logger import logger
  File "/opt/airflow/project/config/logger.py", line 6, in <module>
    from loguru import logger
ModuleNotFoundError: No module named 'loguru'
[2026-07-28T02:21:02.826+0000] {processor.py:927} WARNING - No viable dags retrieved from /opt/airflow/dags/etl_pipeline_dag.py
[2026-07-28T02:21:02.875+0000] {processor.py:208} INFO - Processing /opt/airflow/dags/etl_pipeline_dag.py took 0.196 seconds
[2026-07-28T02:21:33.028+0000] {processor.py:186} INFO - Started process (PID=204) to work on /opt/airflow/dags/etl_pipeline_dag.py
[2026-07-28T02:21:33.035+0000] {processor.py:914} INFO - Processing file /opt/airflow/dags/etl_pipeline_dag.py for tasks to queue
[2026-07-28T02:21:33.042+0000] {logging_mixin.py:190} INFO - [2026-07-28T02:21:33.041+0000] {dagbag.py:588} INFO - Filling up the DagBag from /opt/airflow/dags/etl_pipeline_dag.py
[2026-07-28T02:21:33.185+0000] {logging_mixin.py:190} INFO - [2026-07-28T02:21:33.162+0000] {dagbag.py:387} ERROR - Failed to import: /opt/airflow/dags/etl_pipeline_dag.py
Traceback (most recent call last):
  File "/home/airflow/.local/lib/python3.12/site-packages/airflow/models/dagbag.py", line 383, in parse
    loader.exec_module(new_module)
  File "<frozen importlib._bootstrap_external>", line 995, in exec_module
  File "<frozen importlib._bootstrap>", line 488, in _call_with_frames_removed
  File "/opt/airflow/dags/etl_pipeline_dag.py", line 10, in <module>
    from scripts.airflow_tasks import (
  File "/opt/airflow/project/scripts/airflow_tasks.py", line 7, in <module>
    from config.logger import logger
  File "/opt/airflow/project/config/logger.py", line 6, in <module>
    from loguru import logger
ModuleNotFoundError: No module named 'loguru'
[2026-07-28T02:21:33.193+0000] {processor.py:927} WARNING - No viable dags retrieved from /opt/airflow/dags/etl_pipeline_dag.py
[2026-07-28T02:21:33.244+0000] {processor.py:208} INFO - Processing /opt/airflow/dags/etl_pipeline_dag.py took 0.231 seconds
[2026-07-28T02:22:03.695+0000] {processor.py:186} INFO - Started process (PID=209) to work on /opt/airflow/dags/etl_pipeline_dag.py
[2026-07-28T02:22:03.697+0000] {processor.py:914} INFO - Processing file /opt/airflow/dags/etl_pipeline_dag.py for tasks to queue
[2026-07-28T02:22:03.702+0000] {logging_mixin.py:190} INFO - [2026-07-28T02:22:03.701+0000] {dagbag.py:588} INFO - Filling up the DagBag from /opt/airflow/dags/etl_pipeline_dag.py
[2026-07-28T02:22:03.819+0000] {logging_mixin.py:190} INFO - [2026-07-28T02:22:03.795+0000] {dagbag.py:387} ERROR - Failed to import: /opt/airflow/dags/etl_pipeline_dag.py
Traceback (most recent call last):
  File "/home/airflow/.local/lib/python3.12/site-packages/airflow/models/dagbag.py", line 383, in parse
    loader.exec_module(new_module)
  File "<frozen importlib._bootstrap_external>", line 995, in exec_module
  File "<frozen importlib._bootstrap>", line 488, in _call_with_frames_removed
  File "/opt/airflow/dags/etl_pipeline_dag.py", line 10, in <module>
    from scripts.airflow_tasks import (
  File "/opt/airflow/project/scripts/airflow_tasks.py", line 7, in <module>
    from config.logger import logger
  File "/opt/airflow/project/config/logger.py", line 6, in <module>
    from loguru import logger
ModuleNotFoundError: No module named 'loguru'
[2026-07-28T02:22:03.827+0000] {processor.py:927} WARNING - No viable dags retrieved from /opt/airflow/dags/etl_pipeline_dag.py
[2026-07-28T02:22:03.876+0000] {processor.py:208} INFO - Processing /opt/airflow/dags/etl_pipeline_dag.py took 0.193 seconds
[2026-07-28T02:22:34.091+0000] {processor.py:186} INFO - Started process (PID=214) to work on /opt/airflow/dags/etl_pipeline_dag.py
[2026-07-28T02:22:34.094+0000] {processor.py:914} INFO - Processing file /opt/airflow/dags/etl_pipeline_dag.py for tasks to queue
[2026-07-28T02:22:34.103+0000] {logging_mixin.py:190} INFO - [2026-07-28T02:22:34.102+0000] {dagbag.py:588} INFO - Filling up the DagBag from /opt/airflow/dags/etl_pipeline_dag.py
[2026-07-28T02:22:34.269+0000] {logging_mixin.py:190} INFO - [2026-07-28T02:22:34.235+0000] {dagbag.py:387} ERROR - Failed to import: /opt/airflow/dags/etl_pipeline_dag.py
Traceback (most recent call last):
  File "/home/airflow/.local/lib/python3.12/site-packages/airflow/models/dagbag.py", line 383, in parse
    loader.exec_module(new_module)
  File "<frozen importlib._bootstrap_external>", line 995, in exec_module
  File "<frozen importlib._bootstrap>", line 488, in _call_with_frames_removed
  File "/opt/airflow/dags/etl_pipeline_dag.py", line 10, in <module>
    from scripts.airflow_tasks import (
  File "/opt/airflow/project/scripts/airflow_tasks.py", line 7, in <module>
    from config.logger import logger
  File "/opt/airflow/project/config/logger.py", line 6, in <module>
    from loguru import logger
ModuleNotFoundError: No module named 'loguru'
[2026-07-28T02:22:34.279+0000] {processor.py:927} WARNING - No viable dags retrieved from /opt/airflow/dags/etl_pipeline_dag.py
[2026-07-28T02:22:34.355+0000] {processor.py:208} INFO - Processing /opt/airflow/dags/etl_pipeline_dag.py took 0.280 seconds
[2026-07-28T02:32:42.619+0000] {processor.py:186} INFO - Started process (PID=164) to work on /opt/airflow/dags/etl_pipeline_dag.py
[2026-07-28T02:32:42.622+0000] {processor.py:914} INFO - Processing file /opt/airflow/dags/etl_pipeline_dag.py for tasks to queue
[2026-07-28T02:32:42.627+0000] {logging_mixin.py:190} INFO - [2026-07-28T02:32:42.626+0000] {dagbag.py:588} INFO - Filling up the DagBag from /opt/airflow/dags/etl_pipeline_dag.py
[2026-07-28T02:32:44.196+0000] {processor.py:925} INFO - DAG(s) 'etl_pipeline' retrieved from /opt/airflow/dags/etl_pipeline_dag.py
[2026-07-28T02:32:44.758+0000] {logging_mixin.py:190} INFO - [2026-07-28T02:32:44.757+0000] {override.py:1900} INFO - Created Permission View: can delete on DAG:etl_pipeline
[2026-07-28T02:32:44.781+0000] {logging_mixin.py:190} INFO - [2026-07-28T02:32:44.780+0000] {override.py:1900} INFO - Created Permission View: can read on DAG:etl_pipeline
[2026-07-28T02:32:44.797+0000] {logging_mixin.py:190} INFO - [2026-07-28T02:32:44.797+0000] {override.py:1900} INFO - Created Permission View: can edit on DAG:etl_pipeline
[2026-07-28T02:32:44.818+0000] {logging_mixin.py:190} INFO - [2026-07-28T02:32:44.817+0000] {override.py:1900} INFO - Created Permission View: menu access on DAG Run:etl_pipeline
[2026-07-28T02:32:44.883+0000] {logging_mixin.py:190} INFO - [2026-07-28T02:32:44.882+0000] {override.py:1900} INFO - Created Permission View: can read on DAG Run:etl_pipeline
[2026-07-28T02:32:44.909+0000] {logging_mixin.py:190} INFO - [2026-07-28T02:32:44.908+0000] {override.py:1900} INFO - Created Permission View: can create on DAG Run:etl_pipeline
[2026-07-28T02:32:44.924+0000] {logging_mixin.py:190} INFO - [2026-07-28T02:32:44.924+0000] {override.py:1900} INFO - Created Permission View: can delete on DAG Run:etl_pipeline
[2026-07-28T02:32:44.926+0000] {logging_mixin.py:190} INFO - [2026-07-28T02:32:44.925+0000] {dag.py:3239} INFO - Sync 1 DAGs
[2026-07-28T02:32:44.949+0000] {logging_mixin.py:190} INFO - [2026-07-28T02:32:44.948+0000] {dag.py:3262} INFO - Creating ORM DAG for etl_pipeline
[2026-07-28T02:32:44.971+0000] {logging_mixin.py:190} INFO - [2026-07-28T02:32:44.970+0000] {dag.py:4180} INFO - Setting next_dagrun for etl_pipeline to 2026-07-27 00:00:00+00:00, run_after=2026-07-28 00:00:00+00:00
[2026-07-28T02:32:45.011+0000] {processor.py:208} INFO - Processing /opt/airflow/dags/etl_pipeline_dag.py took 2.410 seconds
[2026-07-28T02:33:15.474+0000] {processor.py:186} INFO - Started process (PID=170) to work on /opt/airflow/dags/etl_pipeline_dag.py
[2026-07-28T02:33:15.476+0000] {processor.py:914} INFO - Processing file /opt/airflow/dags/etl_pipeline_dag.py for tasks to queue
[2026-07-28T02:33:15.481+0000] {logging_mixin.py:190} INFO - [2026-07-28T02:33:15.480+0000] {dagbag.py:588} INFO - Filling up the DagBag from /opt/airflow/dags/etl_pipeline_dag.py
[2026-07-28T02:33:16.436+0000] {processor.py:925} INFO - DAG(s) 'etl_pipeline' retrieved from /opt/airflow/dags/etl_pipeline_dag.py
[2026-07-28T02:33:16.513+0000] {logging_mixin.py:190} INFO - [2026-07-28T02:33:16.513+0000] {dag.py:3239} INFO - Sync 1 DAGs
[2026-07-28T02:33:16.593+0000] {logging_mixin.py:190} INFO - [2026-07-28T02:33:16.593+0000] {dag.py:4180} INFO - Setting next_dagrun for etl_pipeline to 2026-07-27 00:00:00+00:00, run_after=2026-07-28 00:00:00+00:00
[2026-07-28T02:33:16.624+0000] {processor.py:208} INFO - Processing /opt/airflow/dags/etl_pipeline_dag.py took 1.164 seconds
[2026-07-28T02:33:46.854+0000] {processor.py:186} INFO - Started process (PID=176) to work on /opt/airflow/dags/etl_pipeline_dag.py
[2026-07-28T02:33:46.857+0000] {processor.py:914} INFO - Processing file /opt/airflow/dags/etl_pipeline_dag.py for tasks to queue
[2026-07-28T02:33:46.864+0000] {logging_mixin.py:190} INFO - [2026-07-28T02:33:46.863+0000] {dagbag.py:588} INFO - Filling up the DagBag from /opt/airflow/dags/etl_pipeline_dag.py
[2026-07-28T02:33:48.708+0000] {processor.py:925} INFO - DAG(s) 'etl_pipeline' retrieved from /opt/airflow/dags/etl_pipeline_dag.py
[2026-07-28T02:33:48.770+0000] {logging_mixin.py:190} INFO - [2026-07-28T02:33:48.770+0000] {dag.py:3239} INFO - Sync 1 DAGs
[2026-07-28T02:33:48.811+0000] {logging_mixin.py:190} INFO - [2026-07-28T02:33:48.810+0000] {dag.py:4180} INFO - Setting next_dagrun for etl_pipeline to 2026-07-27 00:00:00+00:00, run_after=2026-07-28 00:00:00+00:00
[2026-07-28T02:33:48.846+0000] {processor.py:208} INFO - Processing /opt/airflow/dags/etl_pipeline_dag.py took 2.011 seconds
[2026-07-28T02:34:19.271+0000] {processor.py:186} INFO - Started process (PID=182) to work on /opt/airflow/dags/etl_pipeline_dag.py
[2026-07-28T02:34:19.274+0000] {processor.py:914} INFO - Processing file /opt/airflow/dags/etl_pipeline_dag.py for tasks to queue
[2026-07-28T02:34:19.284+0000] {logging_mixin.py:190} INFO - [2026-07-28T02:34:19.283+0000] {dagbag.py:588} INFO - Filling up the DagBag from /opt/airflow/dags/etl_pipeline_dag.py
[2026-07-28T02:34:20.694+0000] {processor.py:925} INFO - DAG(s) 'etl_pipeline' retrieved from /opt/airflow/dags/etl_pipeline_dag.py
[2026-07-28T02:34:20.746+0000] {logging_mixin.py:190} INFO - [2026-07-28T02:34:20.745+0000] {dag.py:3239} INFO - Sync 1 DAGs
[2026-07-28T02:34:20.781+0000] {logging_mixin.py:190} INFO - [2026-07-28T02:34:20.781+0000] {dag.py:4180} INFO - Setting next_dagrun for etl_pipeline to 2026-07-27 00:00:00+00:00, run_after=2026-07-28 00:00:00+00:00
[2026-07-28T02:34:20.811+0000] {processor.py:208} INFO - Processing /opt/airflow/dags/etl_pipeline_dag.py took 1.573 seconds
[2026-07-28T02:34:51.309+0000] {processor.py:186} INFO - Started process (PID=192) to work on /opt/airflow/dags/etl_pipeline_dag.py
[2026-07-28T02:34:51.311+0000] {processor.py:914} INFO - Processing file /opt/airflow/dags/etl_pipeline_dag.py for tasks to queue
[2026-07-28T02:34:51.318+0000] {logging_mixin.py:190} INFO - [2026-07-28T02:34:51.317+0000] {dagbag.py:588} INFO - Filling up the DagBag from /opt/airflow/dags/etl_pipeline_dag.py
[2026-07-28T02:34:52.853+0000] {processor.py:925} INFO - DAG(s) 'etl_pipeline' retrieved from /opt/airflow/dags/etl_pipeline_dag.py
[2026-07-28T02:34:52.910+0000] {logging_mixin.py:190} INFO - [2026-07-28T02:34:52.909+0000] {dag.py:3239} INFO - Sync 1 DAGs
[2026-07-28T02:34:52.953+0000] {logging_mixin.py:190} INFO - [2026-07-28T02:34:52.953+0000] {dag.py:4180} INFO - Setting next_dagrun for etl_pipeline to 2026-07-28 00:00:00+00:00, run_after=2026-07-29 00:00:00+00:00
[2026-07-28T02:34:52.985+0000] {processor.py:208} INFO - Processing /opt/airflow/dags/etl_pipeline_dag.py took 1.692 seconds
[2026-07-28T02:35:23.476+0000] {processor.py:186} INFO - Started process (PID=202) to work on /opt/airflow/dags/etl_pipeline_dag.py
[2026-07-28T02:35:23.481+0000] {processor.py:914} INFO - Processing file /opt/airflow/dags/etl_pipeline_dag.py for tasks to queue
[2026-07-28T02:35:23.488+0000] {logging_mixin.py:190} INFO - [2026-07-28T02:35:23.487+0000] {dagbag.py:588} INFO - Filling up the DagBag from /opt/airflow/dags/etl_pipeline_dag.py
[2026-07-28T02:35:25.195+0000] {processor.py:925} INFO - DAG(s) 'etl_pipeline' retrieved from /opt/airflow/dags/etl_pipeline_dag.py
[2026-07-28T02:35:25.259+0000] {logging_mixin.py:190} INFO - [2026-07-28T02:35:25.258+0000] {dag.py:3239} INFO - Sync 1 DAGs
[2026-07-28T02:35:25.314+0000] {logging_mixin.py:190} INFO - [2026-07-28T02:35:25.313+0000] {dag.py:4180} INFO - Setting next_dagrun for etl_pipeline to 2026-07-28 00:00:00+00:00, run_after=2026-07-29 00:00:00+00:00
[2026-07-28T02:35:25.370+0000] {processor.py:208} INFO - Processing /opt/airflow/dags/etl_pipeline_dag.py took 1.920 seconds
[2026-07-28T02:35:55.875+0000] {processor.py:186} INFO - Started process (PID=208) to work on /opt/airflow/dags/etl_pipeline_dag.py
[2026-07-28T02:35:55.877+0000] {processor.py:914} INFO - Processing file /opt/airflow/dags/etl_pipeline_dag.py for tasks to queue
[2026-07-28T02:35:55.883+0000] {logging_mixin.py:190} INFO - [2026-07-28T02:35:55.882+0000] {dagbag.py:588} INFO - Filling up the DagBag from /opt/airflow/dags/etl_pipeline_dag.py
[2026-07-28T02:35:57.164+0000] {processor.py:925} INFO - DAG(s) 'etl_pipeline' retrieved from /opt/airflow/dags/etl_pipeline_dag.py
[2026-07-28T02:35:57.237+0000] {logging_mixin.py:190} INFO - [2026-07-28T02:35:57.235+0000] {dag.py:3239} INFO - Sync 1 DAGs
[2026-07-28T02:35:57.314+0000] {logging_mixin.py:190} INFO - [2026-07-28T02:35:57.313+0000] {dag.py:4180} INFO - Setting next_dagrun for etl_pipeline to 2026-07-28 00:00:00+00:00, run_after=2026-07-29 00:00:00+00:00
[2026-07-28T02:35:57.369+0000] {processor.py:208} INFO - Processing /opt/airflow/dags/etl_pipeline_dag.py took 1.511 seconds
[2026-07-28T02:36:27.791+0000] {processor.py:186} INFO - Started process (PID=214) to work on /opt/airflow/dags/etl_pipeline_dag.py
[2026-07-28T02:36:27.793+0000] {processor.py:914} INFO - Processing file /opt/airflow/dags/etl_pipeline_dag.py for tasks to queue
[2026-07-28T02:36:27.798+0000] {logging_mixin.py:190} INFO - [2026-07-28T02:36:27.798+0000] {dagbag.py:588} INFO - Filling up the DagBag from /opt/airflow/dags/etl_pipeline_dag.py
[2026-07-28T02:36:28.940+0000] {processor.py:925} INFO - DAG(s) 'etl_pipeline' retrieved from /opt/airflow/dags/etl_pipeline_dag.py
[2026-07-28T02:36:28.982+0000] {logging_mixin.py:190} INFO - [2026-07-28T02:36:28.982+0000] {dag.py:3239} INFO - Sync 1 DAGs
[2026-07-28T02:36:29.016+0000] {logging_mixin.py:190} INFO - [2026-07-28T02:36:29.016+0000] {dag.py:4180} INFO - Setting next_dagrun for etl_pipeline to 2026-07-28 00:00:00+00:00, run_after=2026-07-29 00:00:00+00:00
[2026-07-28T02:36:29.049+0000] {processor.py:208} INFO - Processing /opt/airflow/dags/etl_pipeline_dag.py took 1.270 seconds
[2026-07-28T02:36:59.188+0000] {processor.py:186} INFO - Started process (PID=220) to work on /opt/airflow/dags/etl_pipeline_dag.py
[2026-07-28T02:36:59.190+0000] {processor.py:914} INFO - Processing file /opt/airflow/dags/etl_pipeline_dag.py for tasks to queue
[2026-07-28T02:36:59.198+0000] {logging_mixin.py:190} INFO - [2026-07-28T02:36:59.197+0000] {dagbag.py:588} INFO - Filling up the DagBag from /opt/airflow/dags/etl_pipeline_dag.py
[2026-07-28T02:37:00.770+0000] {processor.py:925} INFO - DAG(s) 'etl_pipeline' retrieved from /opt/airflow/dags/etl_pipeline_dag.py
[2026-07-28T02:37:00.831+0000] {logging_mixin.py:190} INFO - [2026-07-28T02:37:00.831+0000] {dag.py:3239} INFO - Sync 1 DAGs
[2026-07-28T02:37:00.873+0000] {logging_mixin.py:190} INFO - [2026-07-28T02:37:00.873+0000] {dag.py:4180} INFO - Setting next_dagrun for etl_pipeline to 2026-07-28 00:00:00+00:00, run_after=2026-07-29 00:00:00+00:00
[2026-07-28T02:37:00.908+0000] {processor.py:208} INFO - Processing /opt/airflow/dags/etl_pipeline_dag.py took 1.738 seconds
[2026-07-28T02:37:31.332+0000] {processor.py:186} INFO - Started process (PID=226) to work on /opt/airflow/dags/etl_pipeline_dag.py
[2026-07-28T02:37:31.334+0000] {processor.py:914} INFO - Processing file /opt/airflow/dags/etl_pipeline_dag.py for tasks to queue
[2026-07-28T02:37:31.342+0000] {logging_mixin.py:190} INFO - [2026-07-28T02:37:31.341+0000] {dagbag.py:588} INFO - Filling up the DagBag from /opt/airflow/dags/etl_pipeline_dag.py
[2026-07-28T02:37:32.743+0000] {processor.py:925} INFO - DAG(s) 'etl_pipeline' retrieved from /opt/airflow/dags/etl_pipeline_dag.py
[2026-07-28T02:37:32.790+0000] {logging_mixin.py:190} INFO - [2026-07-28T02:37:32.790+0000] {dag.py:3239} INFO - Sync 1 DAGs
[2026-07-28T02:37:32.825+0000] {logging_mixin.py:190} INFO - [2026-07-28T02:37:32.824+0000] {dag.py:4180} INFO - Setting next_dagrun for etl_pipeline to 2026-07-28 00:00:00+00:00, run_after=2026-07-29 00:00:00+00:00
[2026-07-28T02:37:32.857+0000] {processor.py:208} INFO - Processing /opt/airflow/dags/etl_pipeline_dag.py took 1.538 seconds
[2026-07-28T02:38:03.187+0000] {processor.py:186} INFO - Started process (PID=232) to work on /opt/airflow/dags/etl_pipeline_dag.py
[2026-07-28T02:38:03.189+0000] {processor.py:914} INFO - Processing file /opt/airflow/dags/etl_pipeline_dag.py for tasks to queue
[2026-07-28T02:38:03.193+0000] {logging_mixin.py:190} INFO - [2026-07-28T02:38:03.193+0000] {dagbag.py:588} INFO - Filling up the DagBag from /opt/airflow/dags/etl_pipeline_dag.py
[2026-07-28T02:38:04.199+0000] {processor.py:925} INFO - DAG(s) 'etl_pipeline' retrieved from /opt/airflow/dags/etl_pipeline_dag.py
[2026-07-28T02:38:04.242+0000] {logging_mixin.py:190} INFO - [2026-07-28T02:38:04.242+0000] {dag.py:3239} INFO - Sync 1 DAGs
[2026-07-28T02:38:04.277+0000] {logging_mixin.py:190} INFO - [2026-07-28T02:38:04.277+0000] {dag.py:4180} INFO - Setting next_dagrun for etl_pipeline to 2026-07-28 00:00:00+00:00, run_after=2026-07-29 00:00:00+00:00
[2026-07-28T02:38:04.310+0000] {processor.py:208} INFO - Processing /opt/airflow/dags/etl_pipeline_dag.py took 1.133 seconds
[2026-07-28T02:38:34.515+0000] {processor.py:186} INFO - Started process (PID=238) to work on /opt/airflow/dags/etl_pipeline_dag.py
[2026-07-28T02:38:34.516+0000] {processor.py:914} INFO - Processing file /opt/airflow/dags/etl_pipeline_dag.py for tasks to queue
[2026-07-28T02:38:34.520+0000] {logging_mixin.py:190} INFO - [2026-07-28T02:38:34.520+0000] {dagbag.py:588} INFO - Filling up the DagBag from /opt/airflow/dags/etl_pipeline_dag.py
[2026-07-28T02:38:35.502+0000] {processor.py:925} INFO - DAG(s) 'etl_pipeline' retrieved from /opt/airflow/dags/etl_pipeline_dag.py
[2026-07-28T02:38:35.544+0000] {logging_mixin.py:190} INFO - [2026-07-28T02:38:35.543+0000] {dag.py:3239} INFO - Sync 1 DAGs
[2026-07-28T02:38:35.577+0000] {logging_mixin.py:190} INFO - [2026-07-28T02:38:35.577+0000] {dag.py:4180} INFO - Setting next_dagrun for etl_pipeline to 2026-07-28 00:00:00+00:00, run_after=2026-07-29 00:00:00+00:00
[2026-07-28T02:38:35.609+0000] {processor.py:208} INFO - Processing /opt/airflow/dags/etl_pipeline_dag.py took 1.104 seconds
[2026-07-28T02:39:05.965+0000] {processor.py:186} INFO - Started process (PID=244) to work on /opt/airflow/dags/etl_pipeline_dag.py
[2026-07-28T02:39:05.967+0000] {processor.py:914} INFO - Processing file /opt/airflow/dags/etl_pipeline_dag.py for tasks to queue
[2026-07-28T02:39:05.973+0000] {logging_mixin.py:190} INFO - [2026-07-28T02:39:05.972+0000] {dagbag.py:588} INFO - Filling up the DagBag from /opt/airflow/dags/etl_pipeline_dag.py
[2026-07-28T02:39:06.781+0000] {processor.py:925} INFO - DAG(s) 'etl_pipeline' retrieved from /opt/airflow/dags/etl_pipeline_dag.py
[2026-07-28T02:39:06.829+0000] {logging_mixin.py:190} INFO - [2026-07-28T02:39:06.828+0000] {dag.py:3239} INFO - Sync 1 DAGs
[2026-07-28T02:39:06.866+0000] {logging_mixin.py:190} INFO - [2026-07-28T02:39:06.866+0000] {dag.py:4180} INFO - Setting next_dagrun for etl_pipeline to 2026-07-28 00:00:00+00:00, run_after=2026-07-29 00:00:00+00:00
[2026-07-28T02:39:06.898+0000] {processor.py:208} INFO - Processing /opt/airflow/dags/etl_pipeline_dag.py took 0.946 seconds
[2026-07-28T02:39:37.279+0000] {processor.py:186} INFO - Started process (PID=250) to work on /opt/airflow/dags/etl_pipeline_dag.py
[2026-07-28T02:39:37.282+0000] {processor.py:914} INFO - Processing file /opt/airflow/dags/etl_pipeline_dag.py for tasks to queue
[2026-07-28T02:39:37.286+0000] {logging_mixin.py:190} INFO - [2026-07-28T02:39:37.285+0000] {dagbag.py:588} INFO - Filling up the DagBag from /opt/airflow/dags/etl_pipeline_dag.py
[2026-07-28T02:39:38.117+0000] {processor.py:925} INFO - DAG(s) 'etl_pipeline' retrieved from /opt/airflow/dags/etl_pipeline_dag.py
[2026-07-28T02:39:38.165+0000] {logging_mixin.py:190} INFO - [2026-07-28T02:39:38.164+0000] {dag.py:3239} INFO - Sync 1 DAGs
[2026-07-28T02:39:38.204+0000] {logging_mixin.py:190} INFO - [2026-07-28T02:39:38.204+0000] {dag.py:4180} INFO - Setting next_dagrun for etl_pipeline to 2026-07-28 00:00:00+00:00, run_after=2026-07-29 00:00:00+00:00
[2026-07-28T02:39:38.237+0000] {processor.py:208} INFO - Processing /opt/airflow/dags/etl_pipeline_dag.py took 0.968 seconds
[2026-07-28T02:40:08.605+0000] {processor.py:186} INFO - Started process (PID=264) to work on /opt/airflow/dags/etl_pipeline_dag.py
[2026-07-28T02:40:08.607+0000] {processor.py:914} INFO - Processing file /opt/airflow/dags/etl_pipeline_dag.py for tasks to queue
[2026-07-28T02:40:08.614+0000] {logging_mixin.py:190} INFO - [2026-07-28T02:40:08.613+0000] {dagbag.py:588} INFO - Filling up the DagBag from /opt/airflow/dags/etl_pipeline_dag.py
[2026-07-28T02:40:09.414+0000] {processor.py:925} INFO - DAG(s) 'etl_pipeline' retrieved from /opt/airflow/dags/etl_pipeline_dag.py
[2026-07-28T02:40:09.464+0000] {logging_mixin.py:190} INFO - [2026-07-28T02:40:09.463+0000] {dag.py:3239} INFO - Sync 1 DAGs
[2026-07-28T02:40:09.504+0000] {logging_mixin.py:190} INFO - [2026-07-28T02:40:09.504+0000] {dag.py:4180} INFO - Setting next_dagrun for etl_pipeline to 2026-07-28 00:00:00+00:00, run_after=2026-07-29 00:00:00+00:00
[2026-07-28T02:40:09.537+0000] {processor.py:208} INFO - Processing /opt/airflow/dags/etl_pipeline_dag.py took 0.946 seconds
[2026-07-28T02:40:39.941+0000] {processor.py:186} INFO - Started process (PID=270) to work on /opt/airflow/dags/etl_pipeline_dag.py
[2026-07-28T02:40:39.943+0000] {processor.py:914} INFO - Processing file /opt/airflow/dags/etl_pipeline_dag.py for tasks to queue
[2026-07-28T02:40:39.950+0000] {logging_mixin.py:190} INFO - [2026-07-28T02:40:39.949+0000] {dagbag.py:588} INFO - Filling up the DagBag from /opt/airflow/dags/etl_pipeline_dag.py
[2026-07-28T02:40:40.734+0000] {processor.py:925} INFO - DAG(s) 'etl_pipeline' retrieved from /opt/airflow/dags/etl_pipeline_dag.py
[2026-07-28T02:40:40.783+0000] {logging_mixin.py:190} INFO - [2026-07-28T02:40:40.782+0000] {dag.py:3239} INFO - Sync 1 DAGs
[2026-07-28T02:40:40.824+0000] {logging_mixin.py:190} INFO - [2026-07-28T02:40:40.824+0000] {dag.py:4180} INFO - Setting next_dagrun for etl_pipeline to 2026-07-28 00:00:00+00:00, run_after=2026-07-29 00:00:00+00:00
[2026-07-28T02:40:40.856+0000] {processor.py:208} INFO - Processing /opt/airflow/dags/etl_pipeline_dag.py took 0.932 seconds
[2026-07-28T02:41:11.298+0000] {processor.py:186} INFO - Started process (PID=276) to work on /opt/airflow/dags/etl_pipeline_dag.py
[2026-07-28T02:41:11.300+0000] {processor.py:914} INFO - Processing file /opt/airflow/dags/etl_pipeline_dag.py for tasks to queue
[2026-07-28T02:41:11.307+0000] {logging_mixin.py:190} INFO - [2026-07-28T02:41:11.305+0000] {dagbag.py:588} INFO - Filling up the DagBag from /opt/airflow/dags/etl_pipeline_dag.py
[2026-07-28T02:41:12.366+0000] {processor.py:925} INFO - DAG(s) 'etl_pipeline' retrieved from /opt/airflow/dags/etl_pipeline_dag.py
[2026-07-28T02:41:12.424+0000] {logging_mixin.py:190} INFO - [2026-07-28T02:41:12.423+0000] {dag.py:3239} INFO - Sync 1 DAGs
[2026-07-28T02:41:12.469+0000] {logging_mixin.py:190} INFO - [2026-07-28T02:41:12.468+0000] {dag.py:4180} INFO - Setting next_dagrun for etl_pipeline to 2026-07-28 00:00:00+00:00, run_after=2026-07-29 00:00:00+00:00
[2026-07-28T02:41:12.503+0000] {processor.py:208} INFO - Processing /opt/airflow/dags/etl_pipeline_dag.py took 1.220 seconds
[2026-07-28T02:41:42.656+0000] {processor.py:186} INFO - Started process (PID=282) to work on /opt/airflow/dags/etl_pipeline_dag.py
[2026-07-28T02:41:42.658+0000] {processor.py:914} INFO - Processing file /opt/airflow/dags/etl_pipeline_dag.py for tasks to queue
[2026-07-28T02:41:42.664+0000] {logging_mixin.py:190} INFO - [2026-07-28T02:41:42.663+0000] {dagbag.py:588} INFO - Filling up the DagBag from /opt/airflow/dags/etl_pipeline_dag.py
[2026-07-28T02:41:43.640+0000] {processor.py:925} INFO - DAG(s) 'etl_pipeline' retrieved from /opt/airflow/dags/etl_pipeline_dag.py
[2026-07-28T02:41:43.702+0000] {logging_mixin.py:190} INFO - [2026-07-28T02:41:43.702+0000] {dag.py:3239} INFO - Sync 1 DAGs
[2026-07-28T02:41:43.749+0000] {logging_mixin.py:190} INFO - [2026-07-28T02:41:43.748+0000] {dag.py:4180} INFO - Setting next_dagrun for etl_pipeline to 2026-07-28 00:00:00+00:00, run_after=2026-07-29 00:00:00+00:00
[2026-07-28T02:41:43.788+0000] {processor.py:208} INFO - Processing /opt/airflow/dags/etl_pipeline_dag.py took 1.149 seconds
[2026-07-28T02:42:14.008+0000] {processor.py:186} INFO - Started process (PID=288) to work on /opt/airflow/dags/etl_pipeline_dag.py
[2026-07-28T02:42:14.011+0000] {processor.py:914} INFO - Processing file /opt/airflow/dags/etl_pipeline_dag.py for tasks to queue
[2026-07-28T02:42:14.022+0000] {logging_mixin.py:190} INFO - [2026-07-28T02:42:14.020+0000] {dagbag.py:588} INFO - Filling up the DagBag from /opt/airflow/dags/etl_pipeline_dag.py
[2026-07-28T02:42:14.969+0000] {processor.py:925} INFO - DAG(s) 'etl_pipeline' retrieved from /opt/airflow/dags/etl_pipeline_dag.py
[2026-07-28T02:42:15.042+0000] {logging_mixin.py:190} INFO - [2026-07-28T02:42:15.041+0000] {dag.py:3239} INFO - Sync 1 DAGs
[2026-07-28T02:42:15.108+0000] {logging_mixin.py:190} INFO - [2026-07-28T02:42:15.107+0000] {dag.py:4180} INFO - Setting next_dagrun for etl_pipeline to 2026-07-28 00:00:00+00:00, run_after=2026-07-29 00:00:00+00:00
[2026-07-28T02:42:15.150+0000] {processor.py:208} INFO - Processing /opt/airflow/dags/etl_pipeline_dag.py took 1.159 seconds
[2026-07-28T02:42:45.645+0000] {processor.py:186} INFO - Started process (PID=294) to work on /opt/airflow/dags/etl_pipeline_dag.py
[2026-07-28T02:42:45.647+0000] {processor.py:914} INFO - Processing file /opt/airflow/dags/etl_pipeline_dag.py for tasks to queue
[2026-07-28T02:42:45.652+0000] {logging_mixin.py:190} INFO - [2026-07-28T02:42:45.651+0000] {dagbag.py:588} INFO - Filling up the DagBag from /opt/airflow/dags/etl_pipeline_dag.py
[2026-07-28T02:42:46.551+0000] {processor.py:925} INFO - DAG(s) 'etl_pipeline' retrieved from /opt/airflow/dags/etl_pipeline_dag.py
[2026-07-28T02:42:46.610+0000] {logging_mixin.py:190} INFO - [2026-07-28T02:42:46.609+0000] {dag.py:3239} INFO - Sync 1 DAGs
[2026-07-28T02:42:46.709+0000] {logging_mixin.py:190} INFO - [2026-07-28T02:42:46.709+0000] {dag.py:4180} INFO - Setting next_dagrun for etl_pipeline to 2026-07-28 00:00:00+00:00, run_after=2026-07-29 00:00:00+00:00
[2026-07-28T02:42:46.773+0000] {processor.py:208} INFO - Processing /opt/airflow/dags/etl_pipeline_dag.py took 1.141 seconds
[2026-07-28T02:43:16.984+0000] {processor.py:186} INFO - Started process (PID=300) to work on /opt/airflow/dags/etl_pipeline_dag.py
[2026-07-28T02:43:16.987+0000] {processor.py:914} INFO - Processing file /opt/airflow/dags/etl_pipeline_dag.py for tasks to queue
[2026-07-28T02:43:16.993+0000] {logging_mixin.py:190} INFO - [2026-07-28T02:43:16.992+0000] {dagbag.py:588} INFO - Filling up the DagBag from /opt/airflow/dags/etl_pipeline_dag.py
[2026-07-28T02:43:17.861+0000] {processor.py:925} INFO - DAG(s) 'etl_pipeline' retrieved from /opt/airflow/dags/etl_pipeline_dag.py
[2026-07-28T02:43:18.045+0000] {logging_mixin.py:190} INFO - [2026-07-28T02:43:18.044+0000] {dag.py:3239} INFO - Sync 1 DAGs
[2026-07-28T02:43:18.111+0000] {logging_mixin.py:190} INFO - [2026-07-28T02:43:18.110+0000] {dag.py:4180} INFO - Setting next_dagrun for etl_pipeline to 2026-07-28 00:00:00+00:00, run_after=2026-07-29 00:00:00+00:00
[2026-07-28T02:43:18.162+0000] {processor.py:208} INFO - Processing /opt/airflow/dags/etl_pipeline_dag.py took 1.195 seconds
[2026-07-28T02:43:48.567+0000] {processor.py:186} INFO - Started process (PID=306) to work on /opt/airflow/dags/etl_pipeline_dag.py
[2026-07-28T02:43:48.569+0000] {processor.py:914} INFO - Processing file /opt/airflow/dags/etl_pipeline_dag.py for tasks to queue
[2026-07-28T02:43:48.575+0000] {logging_mixin.py:190} INFO - [2026-07-28T02:43:48.574+0000] {dagbag.py:588} INFO - Filling up the DagBag from /opt/airflow/dags/etl_pipeline_dag.py
[2026-07-28T02:43:49.421+0000] {processor.py:925} INFO - DAG(s) 'etl_pipeline' retrieved from /opt/airflow/dags/etl_pipeline_dag.py
[2026-07-28T02:43:49.501+0000] {logging_mixin.py:190} INFO - [2026-07-28T02:43:49.500+0000] {dag.py:3239} INFO - Sync 1 DAGs
[2026-07-28T02:43:49.600+0000] {logging_mixin.py:190} INFO - [2026-07-28T02:43:49.599+0000] {dag.py:4180} INFO - Setting next_dagrun for etl_pipeline to 2026-07-28 00:00:00+00:00, run_after=2026-07-29 00:00:00+00:00
[2026-07-28T02:43:49.642+0000] {processor.py:208} INFO - Processing /opt/airflow/dags/etl_pipeline_dag.py took 1.091 seconds
[2026-07-28T02:44:20.118+0000] {processor.py:186} INFO - Started process (PID=312) to work on /opt/airflow/dags/etl_pipeline_dag.py
[2026-07-28T02:44:20.121+0000] {processor.py:914} INFO - Processing file /opt/airflow/dags/etl_pipeline_dag.py for tasks to queue
[2026-07-28T02:44:20.131+0000] {logging_mixin.py:190} INFO - [2026-07-28T02:44:20.131+0000] {dagbag.py:588} INFO - Filling up the DagBag from /opt/airflow/dags/etl_pipeline_dag.py
[2026-07-28T02:44:21.522+0000] {processor.py:925} INFO - DAG(s) 'etl_pipeline' retrieved from /opt/airflow/dags/etl_pipeline_dag.py
[2026-07-28T02:44:21.575+0000] {logging_mixin.py:190} INFO - [2026-07-28T02:44:21.574+0000] {dag.py:3239} INFO - Sync 1 DAGs
[2026-07-28T02:44:21.613+0000] {logging_mixin.py:190} INFO - [2026-07-28T02:44:21.613+0000] {dag.py:4180} INFO - Setting next_dagrun for etl_pipeline to 2026-07-28 00:00:00+00:00, run_after=2026-07-29 00:00:00+00:00
[2026-07-28T02:44:21.643+0000] {processor.py:208} INFO - Processing /opt/airflow/dags/etl_pipeline_dag.py took 1.559 seconds
[2026-07-28T02:44:52.043+0000] {processor.py:186} INFO - Started process (PID=318) to work on /opt/airflow/dags/etl_pipeline_dag.py
[2026-07-28T02:44:52.045+0000] {processor.py:914} INFO - Processing file /opt/airflow/dags/etl_pipeline_dag.py for tasks to queue
[2026-07-28T02:44:52.051+0000] {logging_mixin.py:190} INFO - [2026-07-28T02:44:52.050+0000] {dagbag.py:588} INFO - Filling up the DagBag from /opt/airflow/dags/etl_pipeline_dag.py
[2026-07-28T02:44:52.991+0000] {processor.py:925} INFO - DAG(s) 'etl_pipeline' retrieved from /opt/airflow/dags/etl_pipeline_dag.py
[2026-07-28T02:44:53.047+0000] {logging_mixin.py:190} INFO - [2026-07-28T02:44:53.046+0000] {dag.py:3239} INFO - Sync 1 DAGs
[2026-07-28T02:44:53.091+0000] {logging_mixin.py:190} INFO - [2026-07-28T02:44:53.091+0000] {dag.py:4180} INFO - Setting next_dagrun for etl_pipeline to 2026-07-28 00:00:00+00:00, run_after=2026-07-29 00:00:00+00:00
[2026-07-28T02:44:53.133+0000] {processor.py:208} INFO - Processing /opt/airflow/dags/etl_pipeline_dag.py took 1.105 seconds
[2026-07-28T02:45:29.030+0000] {processor.py:186} INFO - Started process (PID=164) to work on /opt/airflow/dags/etl_pipeline_dag.py
[2026-07-28T02:45:29.033+0000] {processor.py:914} INFO - Processing file /opt/airflow/dags/etl_pipeline_dag.py for tasks to queue
[2026-07-28T02:45:29.038+0000] {logging_mixin.py:190} INFO - [2026-07-28T02:45:29.038+0000] {dagbag.py:588} INFO - Filling up the DagBag from /opt/airflow/dags/etl_pipeline_dag.py
[2026-07-28T02:45:31.314+0000] {processor.py:925} INFO - DAG(s) 'etl_pipeline' retrieved from /opt/airflow/dags/etl_pipeline_dag.py
[2026-07-28T02:45:31.382+0000] {logging_mixin.py:190} INFO - [2026-07-28T02:45:31.381+0000] {dag.py:3239} INFO - Sync 1 DAGs
[2026-07-28T02:45:31.436+0000] {logging_mixin.py:190} INFO - [2026-07-28T02:45:31.436+0000] {dag.py:4180} INFO - Setting next_dagrun for etl_pipeline to 2026-07-28 00:00:00+00:00, run_after=2026-07-29 00:00:00+00:00
[2026-07-28T02:45:31.482+0000] {processor.py:208} INFO - Processing /opt/airflow/dags/etl_pipeline_dag.py took 2.474 seconds
[2026-07-28T02:46:01.984+0000] {processor.py:186} INFO - Started process (PID=170) to work on /opt/airflow/dags/etl_pipeline_dag.py
[2026-07-28T02:46:01.986+0000] {processor.py:914} INFO - Processing file /opt/airflow/dags/etl_pipeline_dag.py for tasks to queue
[2026-07-28T02:46:01.993+0000] {logging_mixin.py:190} INFO - [2026-07-28T02:46:01.992+0000] {dagbag.py:588} INFO - Filling up the DagBag from /opt/airflow/dags/etl_pipeline_dag.py
[2026-07-28T02:46:03.541+0000] {processor.py:925} INFO - DAG(s) 'etl_pipeline' retrieved from /opt/airflow/dags/etl_pipeline_dag.py
[2026-07-28T02:46:03.590+0000] {logging_mixin.py:190} INFO - [2026-07-28T02:46:03.589+0000] {dag.py:3239} INFO - Sync 1 DAGs
[2026-07-28T02:46:03.632+0000] {logging_mixin.py:190} INFO - [2026-07-28T02:46:03.632+0000] {dag.py:4180} INFO - Setting next_dagrun for etl_pipeline to 2026-07-28 00:00:00+00:00, run_after=2026-07-29 00:00:00+00:00
[2026-07-28T02:46:03.670+0000] {processor.py:208} INFO - Processing /opt/airflow/dags/etl_pipeline_dag.py took 1.702 seconds
[2026-07-28T02:46:33.915+0000] {processor.py:186} INFO - Started process (PID=185) to work on /opt/airflow/dags/etl_pipeline_dag.py
[2026-07-28T02:46:33.917+0000] {processor.py:914} INFO - Processing file /opt/airflow/dags/etl_pipeline_dag.py for tasks to queue
[2026-07-28T02:46:33.921+0000] {logging_mixin.py:190} INFO - [2026-07-28T02:46:33.921+0000] {dagbag.py:588} INFO - Filling up the DagBag from /opt/airflow/dags/etl_pipeline_dag.py
[2026-07-28T02:46:35.200+0000] {processor.py:925} INFO - DAG(s) 'etl_pipeline' retrieved from /opt/airflow/dags/etl_pipeline_dag.py
[2026-07-28T02:46:35.249+0000] {logging_mixin.py:190} INFO - [2026-07-28T02:46:35.248+0000] {dag.py:3239} INFO - Sync 1 DAGs
[2026-07-28T02:46:35.285+0000] {logging_mixin.py:190} INFO - [2026-07-28T02:46:35.285+0000] {dag.py:4180} INFO - Setting next_dagrun for etl_pipeline to 2026-07-28 00:00:00+00:00, run_after=2026-07-29 00:00:00+00:00
[2026-07-28T02:46:35.318+0000] {processor.py:208} INFO - Processing /opt/airflow/dags/etl_pipeline_dag.py took 1.416 seconds
[2026-07-28T02:47:05.506+0000] {processor.py:186} INFO - Started process (PID=191) to work on /opt/airflow/dags/etl_pipeline_dag.py
[2026-07-28T02:47:05.508+0000] {processor.py:914} INFO - Processing file /opt/airflow/dags/etl_pipeline_dag.py for tasks to queue
[2026-07-28T02:47:05.513+0000] {logging_mixin.py:190} INFO - [2026-07-28T02:47:05.513+0000] {dagbag.py:588} INFO - Filling up the DagBag from /opt/airflow/dags/etl_pipeline_dag.py
[2026-07-28T02:47:06.663+0000] {processor.py:925} INFO - DAG(s) 'etl_pipeline' retrieved from /opt/airflow/dags/etl_pipeline_dag.py
[2026-07-28T02:47:06.714+0000] {logging_mixin.py:190} INFO - [2026-07-28T02:47:06.714+0000] {dag.py:3239} INFO - Sync 1 DAGs
[2026-07-28T02:47:06.761+0000] {logging_mixin.py:190} INFO - [2026-07-28T02:47:06.760+0000] {dag.py:4180} INFO - Setting next_dagrun for etl_pipeline to 2026-07-28 00:00:00+00:00, run_after=2026-07-29 00:00:00+00:00
[2026-07-28T02:47:06.796+0000] {processor.py:208} INFO - Processing /opt/airflow/dags/etl_pipeline_dag.py took 1.304 seconds
[2026-07-28T02:47:37.060+0000] {processor.py:186} INFO - Started process (PID=198) to work on /opt/airflow/dags/etl_pipeline_dag.py
[2026-07-28T02:47:37.062+0000] {processor.py:914} INFO - Processing file /opt/airflow/dags/etl_pipeline_dag.py for tasks to queue
[2026-07-28T02:47:37.067+0000] {logging_mixin.py:190} INFO - [2026-07-28T02:47:37.067+0000] {dagbag.py:588} INFO - Filling up the DagBag from /opt/airflow/dags/etl_pipeline_dag.py
[2026-07-28T02:47:38.082+0000] {processor.py:925} INFO - DAG(s) 'etl_pipeline' retrieved from /opt/airflow/dags/etl_pipeline_dag.py
[2026-07-28T02:47:38.123+0000] {logging_mixin.py:190} INFO - [2026-07-28T02:47:38.122+0000] {dag.py:3239} INFO - Sync 1 DAGs
[2026-07-28T02:47:38.156+0000] {logging_mixin.py:190} INFO - [2026-07-28T02:47:38.155+0000] {dag.py:4180} INFO - Setting next_dagrun for etl_pipeline to 2026-07-28 00:00:00+00:00, run_after=2026-07-29 00:00:00+00:00
[2026-07-28T02:47:38.184+0000] {processor.py:208} INFO - Processing /opt/airflow/dags/etl_pipeline_dag.py took 1.134 seconds
[2026-07-28T02:48:08.594+0000] {processor.py:186} INFO - Started process (PID=204) to work on /opt/airflow/dags/etl_pipeline_dag.py
[2026-07-28T02:48:08.596+0000] {processor.py:914} INFO - Processing file /opt/airflow/dags/etl_pipeline_dag.py for tasks to queue
[2026-07-28T02:48:08.601+0000] {logging_mixin.py:190} INFO - [2026-07-28T02:48:08.600+0000] {dagbag.py:588} INFO - Filling up the DagBag from /opt/airflow/dags/etl_pipeline_dag.py
[2026-07-28T02:48:09.669+0000] {processor.py:925} INFO - DAG(s) 'etl_pipeline' retrieved from /opt/airflow/dags/etl_pipeline_dag.py
[2026-07-28T02:48:09.723+0000] {logging_mixin.py:190} INFO - [2026-07-28T02:48:09.722+0000] {dag.py:3239} INFO - Sync 1 DAGs
[2026-07-28T02:48:09.767+0000] {logging_mixin.py:190} INFO - [2026-07-28T02:48:09.767+0000] {dag.py:4180} INFO - Setting next_dagrun for etl_pipeline to 2026-07-28 00:00:00+00:00, run_after=2026-07-29 00:00:00+00:00
[2026-07-28T02:48:09.800+0000] {processor.py:208} INFO - Processing /opt/airflow/dags/etl_pipeline_dag.py took 1.218 seconds
[2026-07-28T02:48:40.082+0000] {processor.py:186} INFO - Started process (PID=219) to work on /opt/airflow/dags/etl_pipeline_dag.py
[2026-07-28T02:48:40.085+0000] {processor.py:914} INFO - Processing file /opt/airflow/dags/etl_pipeline_dag.py for tasks to queue
[2026-07-28T02:48:40.094+0000] {logging_mixin.py:190} INFO - [2026-07-28T02:48:40.093+0000] {dagbag.py:588} INFO - Filling up the DagBag from /opt/airflow/dags/etl_pipeline_dag.py
[2026-07-28T02:48:41.539+0000] {processor.py:925} INFO - DAG(s) 'etl_pipeline' retrieved from /opt/airflow/dags/etl_pipeline_dag.py
[2026-07-28T02:48:41.581+0000] {logging_mixin.py:190} INFO - [2026-07-28T02:48:41.581+0000] {dag.py:3239} INFO - Sync 1 DAGs
[2026-07-28T02:48:41.620+0000] {logging_mixin.py:190} INFO - [2026-07-28T02:48:41.620+0000] {dag.py:4180} INFO - Setting next_dagrun for etl_pipeline to 2026-07-28 00:00:00+00:00, run_after=2026-07-29 00:00:00+00:00
[2026-07-28T02:48:41.655+0000] {processor.py:208} INFO - Processing /opt/airflow/dags/etl_pipeline_dag.py took 1.594 seconds
[2026-07-28T02:49:12.067+0000] {processor.py:186} INFO - Started process (PID=225) to work on /opt/airflow/dags/etl_pipeline_dag.py
[2026-07-28T02:49:12.069+0000] {processor.py:914} INFO - Processing file /opt/airflow/dags/etl_pipeline_dag.py for tasks to queue
[2026-07-28T02:49:12.074+0000] {logging_mixin.py:190} INFO - [2026-07-28T02:49:12.073+0000] {dagbag.py:588} INFO - Filling up the DagBag from /opt/airflow/dags/etl_pipeline_dag.py
[2026-07-28T02:49:13.093+0000] {processor.py:925} INFO - DAG(s) 'etl_pipeline' retrieved from /opt/airflow/dags/etl_pipeline_dag.py
[2026-07-28T02:49:13.131+0000] {logging_mixin.py:190} INFO - [2026-07-28T02:49:13.130+0000] {dag.py:3239} INFO - Sync 1 DAGs
[2026-07-28T02:49:13.160+0000] {logging_mixin.py:190} INFO - [2026-07-28T02:49:13.160+0000] {dag.py:4180} INFO - Setting next_dagrun for etl_pipeline to 2026-07-28 00:00:00+00:00, run_after=2026-07-29 00:00:00+00:00
[2026-07-28T02:49:13.188+0000] {processor.py:208} INFO - Processing /opt/airflow/dags/etl_pipeline_dag.py took 1.134 seconds
[2026-07-28T02:50:02.637+0000] {processor.py:186} INFO - Started process (PID=165) to work on /opt/airflow/dags/etl_pipeline_dag.py
[2026-07-28T02:50:02.641+0000] {processor.py:914} INFO - Processing file /opt/airflow/dags/etl_pipeline_dag.py for tasks to queue
[2026-07-28T02:50:02.648+0000] {logging_mixin.py:190} INFO - [2026-07-28T02:50:02.647+0000] {dagbag.py:588} INFO - Filling up the DagBag from /opt/airflow/dags/etl_pipeline_dag.py
[2026-07-28T02:50:04.245+0000] {processor.py:925} INFO - DAG(s) 'etl_pipeline' retrieved from /opt/airflow/dags/etl_pipeline_dag.py
[2026-07-28T02:50:04.327+0000] {logging_mixin.py:190} INFO - [2026-07-28T02:50:04.326+0000] {dag.py:3239} INFO - Sync 1 DAGs
[2026-07-28T02:50:04.416+0000] {logging_mixin.py:190} INFO - [2026-07-28T02:50:04.415+0000] {dag.py:4180} INFO - Setting next_dagrun for etl_pipeline to 2026-07-28 00:00:00+00:00, run_after=2026-07-29 00:00:00+00:00
[2026-07-28T02:50:04.487+0000] {processor.py:208} INFO - Processing /opt/airflow/dags/etl_pipeline_dag.py took 1.878 seconds
[2026-07-28T02:50:34.976+0000] {processor.py:186} INFO - Started process (PID=171) to work on /opt/airflow/dags/etl_pipeline_dag.py
[2026-07-28T02:50:34.979+0000] {processor.py:914} INFO - Processing file /opt/airflow/dags/etl_pipeline_dag.py for tasks to queue
[2026-07-28T02:50:34.988+0000] {logging_mixin.py:190} INFO - [2026-07-28T02:50:34.987+0000] {dagbag.py:588} INFO - Filling up the DagBag from /opt/airflow/dags/etl_pipeline_dag.py
[2026-07-28T02:50:36.446+0000] {processor.py:925} INFO - DAG(s) 'etl_pipeline' retrieved from /opt/airflow/dags/etl_pipeline_dag.py
[2026-07-28T02:50:36.496+0000] {logging_mixin.py:190} INFO - [2026-07-28T02:50:36.495+0000] {dag.py:3239} INFO - Sync 1 DAGs
[2026-07-28T02:50:36.538+0000] {logging_mixin.py:190} INFO - [2026-07-28T02:50:36.538+0000] {dag.py:4180} INFO - Setting next_dagrun for etl_pipeline to 2026-07-28 00:00:00+00:00, run_after=2026-07-29 00:00:00+00:00
[2026-07-28T02:50:36.574+0000] {processor.py:208} INFO - Processing /opt/airflow/dags/etl_pipeline_dag.py took 1.618 seconds
[2026-07-28T02:51:07.131+0000] {processor.py:186} INFO - Started process (PID=177) to work on /opt/airflow/dags/etl_pipeline_dag.py
[2026-07-28T02:51:07.134+0000] {processor.py:914} INFO - Processing file /opt/airflow/dags/etl_pipeline_dag.py for tasks to queue
[2026-07-28T02:51:07.140+0000] {logging_mixin.py:190} INFO - [2026-07-28T02:51:07.139+0000] {dagbag.py:588} INFO - Filling up the DagBag from /opt/airflow/dags/etl_pipeline_dag.py
[2026-07-28T02:51:08.200+0000] {processor.py:925} INFO - DAG(s) 'etl_pipeline' retrieved from /opt/airflow/dags/etl_pipeline_dag.py
[2026-07-28T02:51:08.246+0000] {logging_mixin.py:190} INFO - [2026-07-28T02:51:08.245+0000] {dag.py:3239} INFO - Sync 1 DAGs
[2026-07-28T02:51:08.289+0000] {logging_mixin.py:190} INFO - [2026-07-28T02:51:08.289+0000] {dag.py:4180} INFO - Setting next_dagrun for etl_pipeline to 2026-07-28 00:00:00+00:00, run_after=2026-07-29 00:00:00+00:00
[2026-07-28T02:51:08.331+0000] {processor.py:208} INFO - Processing /opt/airflow/dags/etl_pipeline_dag.py took 1.218 seconds
[2026-07-28T02:51:38.681+0000] {processor.py:186} INFO - Started process (PID=183) to work on /opt/airflow/dags/etl_pipeline_dag.py
[2026-07-28T02:51:38.683+0000] {processor.py:914} INFO - Processing file /opt/airflow/dags/etl_pipeline_dag.py for tasks to queue
[2026-07-28T02:51:38.687+0000] {logging_mixin.py:190} INFO - [2026-07-28T02:51:38.686+0000] {dagbag.py:588} INFO - Filling up the DagBag from /opt/airflow/dags/etl_pipeline_dag.py
[2026-07-28T02:51:39.978+0000] {processor.py:925} INFO - DAG(s) 'etl_pipeline' retrieved from /opt/airflow/dags/etl_pipeline_dag.py
[2026-07-28T02:51:40.036+0000] {logging_mixin.py:190} INFO - [2026-07-28T02:51:40.035+0000] {dag.py:3239} INFO - Sync 1 DAGs
[2026-07-28T02:51:40.093+0000] {logging_mixin.py:190} INFO - [2026-07-28T02:51:40.093+0000] {dag.py:4180} INFO - Setting next_dagrun for etl_pipeline to 2026-07-28 00:00:00+00:00, run_after=2026-07-29 00:00:00+00:00
[2026-07-28T02:51:40.157+0000] {processor.py:208} INFO - Processing /opt/airflow/dags/etl_pipeline_dag.py took 1.487 seconds
[2026-07-28T02:52:10.666+0000] {processor.py:186} INFO - Started process (PID=189) to work on /opt/airflow/dags/etl_pipeline_dag.py
[2026-07-28T02:52:10.669+0000] {processor.py:914} INFO - Processing file /opt/airflow/dags/etl_pipeline_dag.py for tasks to queue
[2026-07-28T02:52:10.675+0000] {logging_mixin.py:190} INFO - [2026-07-28T02:52:10.674+0000] {dagbag.py:588} INFO - Filling up the DagBag from /opt/airflow/dags/etl_pipeline_dag.py
[2026-07-28T02:52:12.021+0000] {processor.py:925} INFO - DAG(s) 'etl_pipeline' retrieved from /opt/airflow/dags/etl_pipeline_dag.py
[2026-07-28T02:52:12.064+0000] {logging_mixin.py:190} INFO - [2026-07-28T02:52:12.064+0000] {dag.py:3239} INFO - Sync 1 DAGs
[2026-07-28T02:52:12.100+0000] {logging_mixin.py:190} INFO - [2026-07-28T02:52:12.100+0000] {dag.py:4180} INFO - Setting next_dagrun for etl_pipeline to 2026-07-28 00:00:00+00:00, run_after=2026-07-29 00:00:00+00:00
[2026-07-28T02:52:12.127+0000] {processor.py:208} INFO - Processing /opt/airflow/dags/etl_pipeline_dag.py took 1.477 seconds
[2026-07-28T02:52:42.432+0000] {processor.py:186} INFO - Started process (PID=195) to work on /opt/airflow/dags/etl_pipeline_dag.py
[2026-07-28T02:52:42.435+0000] {processor.py:914} INFO - Processing file /opt/airflow/dags/etl_pipeline_dag.py for tasks to queue
[2026-07-28T02:52:42.440+0000] {logging_mixin.py:190} INFO - [2026-07-28T02:52:42.439+0000] {dagbag.py:588} INFO - Filling up the DagBag from /opt/airflow/dags/etl_pipeline_dag.py
[2026-07-28T02:52:43.638+0000] {processor.py:925} INFO - DAG(s) 'etl_pipeline' retrieved from /opt/airflow/dags/etl_pipeline_dag.py
[2026-07-28T02:52:43.694+0000] {logging_mixin.py:190} INFO - [2026-07-28T02:52:43.693+0000] {dag.py:3239} INFO - Sync 1 DAGs
[2026-07-28T02:52:43.732+0000] {logging_mixin.py:190} INFO - [2026-07-28T02:52:43.732+0000] {dag.py:4180} INFO - Setting next_dagrun for etl_pipeline to 2026-07-28 00:00:00+00:00, run_after=2026-07-29 00:00:00+00:00
[2026-07-28T02:52:43.764+0000] {processor.py:208} INFO - Processing /opt/airflow/dags/etl_pipeline_dag.py took 1.346 seconds
[2026-07-28T02:53:13.878+0000] {processor.py:186} INFO - Started process (PID=209) to work on /opt/airflow/dags/etl_pipeline_dag.py
[2026-07-28T02:53:13.880+0000] {processor.py:914} INFO - Processing file /opt/airflow/dags/etl_pipeline_dag.py for tasks to queue
[2026-07-28T02:53:13.887+0000] {logging_mixin.py:190} INFO - [2026-07-28T02:53:13.886+0000] {dagbag.py:588} INFO - Filling up the DagBag from /opt/airflow/dags/etl_pipeline_dag.py
[2026-07-28T02:53:15.032+0000] {processor.py:925} INFO - DAG(s) 'etl_pipeline' retrieved from /opt/airflow/dags/etl_pipeline_dag.py
[2026-07-28T02:53:15.076+0000] {logging_mixin.py:190} INFO - [2026-07-28T02:53:15.075+0000] {dag.py:3239} INFO - Sync 1 DAGs
[2026-07-28T02:53:15.113+0000] {logging_mixin.py:190} INFO - [2026-07-28T02:53:15.113+0000] {dag.py:4180} INFO - Setting next_dagrun for etl_pipeline to 2026-07-28 00:00:00+00:00, run_after=2026-07-29 00:00:00+00:00
[2026-07-28T02:53:15.146+0000] {processor.py:208} INFO - Processing /opt/airflow/dags/etl_pipeline_dag.py took 1.281 seconds
[2026-07-28T02:53:45.602+0000] {processor.py:186} INFO - Started process (PID=225) to work on /opt/airflow/dags/etl_pipeline_dag.py
[2026-07-28T02:53:45.604+0000] {processor.py:914} INFO - Processing file /opt/airflow/dags/etl_pipeline_dag.py for tasks to queue
[2026-07-28T02:53:45.607+0000] {logging_mixin.py:190} INFO - [2026-07-28T02:53:45.607+0000] {dagbag.py:588} INFO - Filling up the DagBag from /opt/airflow/dags/etl_pipeline_dag.py
[2026-07-28T02:53:47.166+0000] {processor.py:925} INFO - DAG(s) 'etl_pipeline' retrieved from /opt/airflow/dags/etl_pipeline_dag.py
[2026-07-28T02:53:47.221+0000] {logging_mixin.py:190} INFO - [2026-07-28T02:53:47.220+0000] {dag.py:3239} INFO - Sync 1 DAGs
[2026-07-28T02:53:47.265+0000] {logging_mixin.py:190} INFO - [2026-07-28T02:53:47.265+0000] {dag.py:4180} INFO - Setting next_dagrun for etl_pipeline to 2026-07-28 00:00:00+00:00, run_after=2026-07-29 00:00:00+00:00
[2026-07-28T02:53:47.308+0000] {processor.py:208} INFO - Processing /opt/airflow/dags/etl_pipeline_dag.py took 1.716 seconds
[2026-07-28T02:54:17.765+0000] {processor.py:186} INFO - Started process (PID=231) to work on /opt/airflow/dags/etl_pipeline_dag.py
[2026-07-28T02:54:17.767+0000] {processor.py:914} INFO - Processing file /opt/airflow/dags/etl_pipeline_dag.py for tasks to queue
[2026-07-28T02:54:17.771+0000] {logging_mixin.py:190} INFO - [2026-07-28T02:54:17.770+0000] {dagbag.py:588} INFO - Filling up the DagBag from /opt/airflow/dags/etl_pipeline_dag.py
[2026-07-28T02:54:18.815+0000] {processor.py:925} INFO - DAG(s) 'etl_pipeline' retrieved from /opt/airflow/dags/etl_pipeline_dag.py
[2026-07-28T02:54:18.863+0000] {logging_mixin.py:190} INFO - [2026-07-28T02:54:18.862+0000] {dag.py:3239} INFO - Sync 1 DAGs
[2026-07-28T02:54:18.906+0000] {logging_mixin.py:190} INFO - [2026-07-28T02:54:18.905+0000] {dag.py:4180} INFO - Setting next_dagrun for etl_pipeline to 2026-07-28 00:00:00+00:00, run_after=2026-07-29 00:00:00+00:00
[2026-07-28T02:54:18.938+0000] {processor.py:208} INFO - Processing /opt/airflow/dags/etl_pipeline_dag.py took 1.185 seconds
[2026-07-28T02:54:49.102+0000] {processor.py:186} INFO - Started process (PID=237) to work on /opt/airflow/dags/etl_pipeline_dag.py
[2026-07-28T02:54:49.104+0000] {processor.py:914} INFO - Processing file /opt/airflow/dags/etl_pipeline_dag.py for tasks to queue
[2026-07-28T02:54:49.108+0000] {logging_mixin.py:190} INFO - [2026-07-28T02:54:49.108+0000] {dagbag.py:588} INFO - Filling up the DagBag from /opt/airflow/dags/etl_pipeline_dag.py
[2026-07-28T02:54:50.415+0000] {processor.py:925} INFO - DAG(s) 'etl_pipeline' retrieved from /opt/airflow/dags/etl_pipeline_dag.py
[2026-07-28T02:54:50.477+0000] {logging_mixin.py:190} INFO - [2026-07-28T02:54:50.476+0000] {dag.py:3239} INFO - Sync 1 DAGs
[2026-07-28T02:54:50.566+0000] {logging_mixin.py:190} INFO - [2026-07-28T02:54:50.565+0000] {dag.py:4180} INFO - Setting next_dagrun for etl_pipeline to 2026-07-28 00:00:00+00:00, run_after=2026-07-29 00:00:00+00:00
[2026-07-28T02:54:50.630+0000] {processor.py:208} INFO - Processing /opt/airflow/dags/etl_pipeline_dag.py took 1.541 seconds
[2026-07-28T02:55:21.343+0000] {processor.py:186} INFO - Started process (PID=243) to work on /opt/airflow/dags/etl_pipeline_dag.py
[2026-07-28T02:55:21.346+0000] {processor.py:914} INFO - Processing file /opt/airflow/dags/etl_pipeline_dag.py for tasks to queue
[2026-07-28T02:55:21.352+0000] {logging_mixin.py:190} INFO - [2026-07-28T02:55:21.351+0000] {dagbag.py:588} INFO - Filling up the DagBag from /opt/airflow/dags/etl_pipeline_dag.py
[2026-07-28T02:55:22.174+0000] {processor.py:925} INFO - DAG(s) 'etl_pipeline' retrieved from /opt/airflow/dags/etl_pipeline_dag.py
[2026-07-28T02:55:22.226+0000] {logging_mixin.py:190} INFO - [2026-07-28T02:55:22.226+0000] {dag.py:3239} INFO - Sync 1 DAGs
[2026-07-28T02:55:22.272+0000] {logging_mixin.py:190} INFO - [2026-07-28T02:55:22.272+0000] {dag.py:4180} INFO - Setting next_dagrun for etl_pipeline to 2026-07-28 00:00:00+00:00, run_after=2026-07-29 00:00:00+00:00
[2026-07-28T02:55:22.307+0000] {processor.py:208} INFO - Processing /opt/airflow/dags/etl_pipeline_dag.py took 0.981 seconds
[2026-07-28T02:55:52.778+0000] {processor.py:186} INFO - Started process (PID=260) to work on /opt/airflow/dags/etl_pipeline_dag.py
[2026-07-28T02:55:52.781+0000] {processor.py:914} INFO - Processing file /opt/airflow/dags/etl_pipeline_dag.py for tasks to queue
[2026-07-28T02:55:52.787+0000] {logging_mixin.py:190} INFO - [2026-07-28T02:55:52.786+0000] {dagbag.py:588} INFO - Filling up the DagBag from /opt/airflow/dags/etl_pipeline_dag.py
[2026-07-28T02:55:53.666+0000] {processor.py:925} INFO - DAG(s) 'etl_pipeline' retrieved from /opt/airflow/dags/etl_pipeline_dag.py
[2026-07-28T02:55:53.724+0000] {logging_mixin.py:190} INFO - [2026-07-28T02:55:53.723+0000] {dag.py:3239} INFO - Sync 1 DAGs
[2026-07-28T02:55:53.768+0000] {logging_mixin.py:190} INFO - [2026-07-28T02:55:53.768+0000] {dag.py:4180} INFO - Setting next_dagrun for etl_pipeline to 2026-07-28 00:00:00+00:00, run_after=2026-07-29 00:00:00+00:00
[2026-07-28T02:55:53.804+0000] {processor.py:208} INFO - Processing /opt/airflow/dags/etl_pipeline_dag.py took 1.039 seconds
[2026-07-28T02:56:24.138+0000] {processor.py:186} INFO - Started process (PID=266) to work on /opt/airflow/dags/etl_pipeline_dag.py
[2026-07-28T02:56:24.140+0000] {processor.py:914} INFO - Processing file /opt/airflow/dags/etl_pipeline_dag.py for tasks to queue
[2026-07-28T02:56:24.145+0000] {logging_mixin.py:190} INFO - [2026-07-28T02:56:24.145+0000] {dagbag.py:588} INFO - Filling up the DagBag from /opt/airflow/dags/etl_pipeline_dag.py
[2026-07-28T02:56:25.252+0000] {processor.py:925} INFO - DAG(s) 'etl_pipeline' retrieved from /opt/airflow/dags/etl_pipeline_dag.py
[2026-07-28T02:56:25.322+0000] {logging_mixin.py:190} INFO - [2026-07-28T02:56:25.321+0000] {dag.py:3239} INFO - Sync 1 DAGs
[2026-07-28T02:56:25.380+0000] {logging_mixin.py:190} INFO - [2026-07-28T02:56:25.379+0000] {dag.py:4180} INFO - Setting next_dagrun for etl_pipeline to 2026-07-28 00:00:00+00:00, run_after=2026-07-29 00:00:00+00:00
[2026-07-28T02:56:25.426+0000] {processor.py:208} INFO - Processing /opt/airflow/dags/etl_pipeline_dag.py took 1.307 seconds
[2026-07-28T02:56:55.574+0000] {processor.py:186} INFO - Started process (PID=281) to work on /opt/airflow/dags/etl_pipeline_dag.py
[2026-07-28T02:56:55.578+0000] {processor.py:914} INFO - Processing file /opt/airflow/dags/etl_pipeline_dag.py for tasks to queue
[2026-07-28T02:56:55.585+0000] {logging_mixin.py:190} INFO - [2026-07-28T02:56:55.584+0000] {dagbag.py:588} INFO - Filling up the DagBag from /opt/airflow/dags/etl_pipeline_dag.py
[2026-07-28T02:56:56.521+0000] {processor.py:925} INFO - DAG(s) 'etl_pipeline' retrieved from /opt/airflow/dags/etl_pipeline_dag.py
[2026-07-28T02:56:56.578+0000] {logging_mixin.py:190} INFO - [2026-07-28T02:56:56.578+0000] {dag.py:3239} INFO - Sync 1 DAGs
[2026-07-28T02:56:56.620+0000] {logging_mixin.py:190} INFO - [2026-07-28T02:56:56.620+0000] {dag.py:4180} INFO - Setting next_dagrun for etl_pipeline to 2026-07-28 00:00:00+00:00, run_after=2026-07-29 00:00:00+00:00
[2026-07-28T02:56:56.655+0000] {processor.py:208} INFO - Processing /opt/airflow/dags/etl_pipeline_dag.py took 1.101 seconds
[2026-07-28T02:57:26.917+0000] {processor.py:186} INFO - Started process (PID=287) to work on /opt/airflow/dags/etl_pipeline_dag.py
[2026-07-28T02:57:26.920+0000] {processor.py:914} INFO - Processing file /opt/airflow/dags/etl_pipeline_dag.py for tasks to queue
[2026-07-28T02:57:26.927+0000] {logging_mixin.py:190} INFO - [2026-07-28T02:57:26.927+0000] {dagbag.py:588} INFO - Filling up the DagBag from /opt/airflow/dags/etl_pipeline_dag.py
[2026-07-28T02:57:27.843+0000] {processor.py:925} INFO - DAG(s) 'etl_pipeline' retrieved from /opt/airflow/dags/etl_pipeline_dag.py
[2026-07-28T02:57:27.899+0000] {logging_mixin.py:190} INFO - [2026-07-28T02:57:27.898+0000] {dag.py:3239} INFO - Sync 1 DAGs
[2026-07-28T02:57:27.947+0000] {logging_mixin.py:190} INFO - [2026-07-28T02:57:27.946+0000] {dag.py:4180} INFO - Setting next_dagrun for etl_pipeline to 2026-07-28 00:00:00+00:00, run_after=2026-07-29 00:00:00+00:00
[2026-07-28T02:57:27.982+0000] {processor.py:208} INFO - Processing /opt/airflow/dags/etl_pipeline_dag.py took 1.079 seconds
[2026-07-28T02:57:58.396+0000] {processor.py:186} INFO - Started process (PID=293) to work on /opt/airflow/dags/etl_pipeline_dag.py
[2026-07-28T02:57:58.398+0000] {processor.py:914} INFO - Processing file /opt/airflow/dags/etl_pipeline_dag.py for tasks to queue
[2026-07-28T02:57:58.403+0000] {logging_mixin.py:190} INFO - [2026-07-28T02:57:58.402+0000] {dagbag.py:588} INFO - Filling up the DagBag from /opt/airflow/dags/etl_pipeline_dag.py
[2026-07-28T02:57:59.349+0000] {processor.py:925} INFO - DAG(s) 'etl_pipeline' retrieved from /opt/airflow/dags/etl_pipeline_dag.py
[2026-07-28T02:57:59.405+0000] {logging_mixin.py:190} INFO - [2026-07-28T02:57:59.405+0000] {dag.py:3239} INFO - Sync 1 DAGs
[2026-07-28T02:57:59.453+0000] {logging_mixin.py:190} INFO - [2026-07-28T02:57:59.452+0000] {dag.py:4180} INFO - Setting next_dagrun for etl_pipeline to 2026-07-28 00:00:00+00:00, run_after=2026-07-29 00:00:00+00:00
[2026-07-28T02:57:59.493+0000] {processor.py:208} INFO - Processing /opt/airflow/dags/etl_pipeline_dag.py took 1.110 seconds
[2026-07-28T02:58:29.892+0000] {processor.py:186} INFO - Started process (PID=299) to work on /opt/airflow/dags/etl_pipeline_dag.py
[2026-07-28T02:58:29.895+0000] {processor.py:914} INFO - Processing file /opt/airflow/dags/etl_pipeline_dag.py for tasks to queue
[2026-07-28T02:58:29.902+0000] {logging_mixin.py:190} INFO - [2026-07-28T02:58:29.901+0000] {dagbag.py:588} INFO - Filling up the DagBag from /opt/airflow/dags/etl_pipeline_dag.py
[2026-07-28T02:58:31.136+0000] {processor.py:925} INFO - DAG(s) 'etl_pipeline' retrieved from /opt/airflow/dags/etl_pipeline_dag.py
[2026-07-28T02:58:31.203+0000] {logging_mixin.py:190} INFO - [2026-07-28T02:58:31.202+0000] {dag.py:3239} INFO - Sync 1 DAGs
[2026-07-28T02:58:31.259+0000] {logging_mixin.py:190} INFO - [2026-07-28T02:58:31.258+0000] {dag.py:4180} INFO - Setting next_dagrun for etl_pipeline to 2026-07-28 00:00:00+00:00, run_after=2026-07-29 00:00:00+00:00
[2026-07-28T02:58:31.306+0000] {processor.py:208} INFO - Processing /opt/airflow/dags/etl_pipeline_dag.py took 1.428 seconds
[2026-07-28T02:59:01.685+0000] {processor.py:186} INFO - Started process (PID=305) to work on /opt/airflow/dags/etl_pipeline_dag.py
[2026-07-28T02:59:01.687+0000] {processor.py:914} INFO - Processing file /opt/airflow/dags/etl_pipeline_dag.py for tasks to queue
[2026-07-28T02:59:01.692+0000] {logging_mixin.py:190} INFO - [2026-07-28T02:59:01.692+0000] {dagbag.py:588} INFO - Filling up the DagBag from /opt/airflow/dags/etl_pipeline_dag.py
[2026-07-28T02:59:02.603+0000] {processor.py:925} INFO - DAG(s) 'etl_pipeline' retrieved from /opt/airflow/dags/etl_pipeline_dag.py
[2026-07-28T02:59:02.667+0000] {logging_mixin.py:190} INFO - [2026-07-28T02:59:02.666+0000] {dag.py:3239} INFO - Sync 1 DAGs
[2026-07-28T02:59:02.715+0000] {logging_mixin.py:190} INFO - [2026-07-28T02:59:02.715+0000] {dag.py:4180} INFO - Setting next_dagrun for etl_pipeline to 2026-07-28 00:00:00+00:00, run_after=2026-07-29 00:00:00+00:00
[2026-07-28T02:59:02.757+0000] {processor.py:208} INFO - Processing /opt/airflow/dags/etl_pipeline_dag.py took 1.083 seconds
[2026-07-28T02:59:33.054+0000] {processor.py:186} INFO - Started process (PID=311) to work on /opt/airflow/dags/etl_pipeline_dag.py
[2026-07-28T02:59:33.056+0000] {processor.py:914} INFO - Processing file /opt/airflow/dags/etl_pipeline_dag.py for tasks to queue
[2026-07-28T02:59:33.061+0000] {logging_mixin.py:190} INFO - [2026-07-28T02:59:33.060+0000] {dagbag.py:588} INFO - Filling up the DagBag from /opt/airflow/dags/etl_pipeline_dag.py
[2026-07-28T02:59:33.855+0000] {processor.py:925} INFO - DAG(s) 'etl_pipeline' retrieved from /opt/airflow/dags/etl_pipeline_dag.py
[2026-07-28T02:59:33.914+0000] {logging_mixin.py:190} INFO - [2026-07-28T02:59:33.913+0000] {dag.py:3239} INFO - Sync 1 DAGs
[2026-07-28T02:59:33.966+0000] {logging_mixin.py:190} INFO - [2026-07-28T02:59:33.966+0000] {dag.py:4180} INFO - Setting next_dagrun for etl_pipeline to 2026-07-28 00:00:00+00:00, run_after=2026-07-29 00:00:00+00:00
[2026-07-28T02:59:34.005+0000] {processor.py:208} INFO - Processing /opt/airflow/dags/etl_pipeline_dag.py took 0.966 seconds
[2026-07-28T03:00:04.516+0000] {processor.py:186} INFO - Started process (PID=317) to work on /opt/airflow/dags/etl_pipeline_dag.py
[2026-07-28T03:00:04.518+0000] {processor.py:914} INFO - Processing file /opt/airflow/dags/etl_pipeline_dag.py for tasks to queue
[2026-07-28T03:00:04.522+0000] {logging_mixin.py:190} INFO - [2026-07-28T03:00:04.521+0000] {dagbag.py:588} INFO - Filling up the DagBag from /opt/airflow/dags/etl_pipeline_dag.py
[2026-07-28T03:00:05.319+0000] {processor.py:925} INFO - DAG(s) 'etl_pipeline' retrieved from /opt/airflow/dags/etl_pipeline_dag.py
[2026-07-28T03:00:05.373+0000] {logging_mixin.py:190} INFO - [2026-07-28T03:00:05.372+0000] {dag.py:3239} INFO - Sync 1 DAGs
[2026-07-28T03:00:05.423+0000] {logging_mixin.py:190} INFO - [2026-07-28T03:00:05.423+0000] {dag.py:4180} INFO - Setting next_dagrun for etl_pipeline to 2026-07-28 00:00:00+00:00, run_after=2026-07-29 00:00:00+00:00
[2026-07-28T03:00:05.464+0000] {processor.py:208} INFO - Processing /opt/airflow/dags/etl_pipeline_dag.py took 0.957 seconds
[2026-07-28T03:03:04.385+0000] {processor.py:186} INFO - Started process (PID=180) to work on /opt/airflow/dags/etl_pipeline_dag.py
[2026-07-28T03:03:04.388+0000] {processor.py:914} INFO - Processing file /opt/airflow/dags/etl_pipeline_dag.py for tasks to queue
[2026-07-28T03:03:04.395+0000] {logging_mixin.py:190} INFO - [2026-07-28T03:03:04.393+0000] {dagbag.py:588} INFO - Filling up the DagBag from /opt/airflow/dags/etl_pipeline_dag.py
[2026-07-28T03:03:06.199+0000] {processor.py:925} INFO - DAG(s) 'etl_pipeline' retrieved from /opt/airflow/dags/etl_pipeline_dag.py
[2026-07-28T03:03:06.316+0000] {logging_mixin.py:190} INFO - [2026-07-28T03:03:06.315+0000] {dag.py:3239} INFO - Sync 1 DAGs
[2026-07-28T03:03:06.395+0000] {logging_mixin.py:190} INFO - [2026-07-28T03:03:06.394+0000] {dag.py:4180} INFO - Setting next_dagrun for etl_pipeline to 2026-07-28 00:00:00+00:00, run_after=2026-07-29 00:00:00+00:00
[2026-07-28T03:03:06.464+0000] {processor.py:208} INFO - Processing /opt/airflow/dags/etl_pipeline_dag.py took 2.107 seconds
[2026-07-28T03:03:36.876+0000] {processor.py:186} INFO - Started process (PID=186) to work on /opt/airflow/dags/etl_pipeline_dag.py
[2026-07-28T03:03:36.878+0000] {processor.py:914} INFO - Processing file /opt/airflow/dags/etl_pipeline_dag.py for tasks to queue
[2026-07-28T03:03:36.885+0000] {logging_mixin.py:190} INFO - [2026-07-28T03:03:36.884+0000] {dagbag.py:588} INFO - Filling up the DagBag from /opt/airflow/dags/etl_pipeline_dag.py
[2026-07-28T03:03:38.775+0000] {processor.py:925} INFO - DAG(s) 'etl_pipeline' retrieved from /opt/airflow/dags/etl_pipeline_dag.py
[2026-07-28T03:03:38.834+0000] {logging_mixin.py:190} INFO - [2026-07-28T03:03:38.833+0000] {dag.py:3239} INFO - Sync 1 DAGs
[2026-07-28T03:03:38.883+0000] {logging_mixin.py:190} INFO - [2026-07-28T03:03:38.882+0000] {dag.py:4180} INFO - Setting next_dagrun for etl_pipeline to 2026-07-28 00:00:00+00:00, run_after=2026-07-29 00:00:00+00:00
[2026-07-28T03:03:38.920+0000] {processor.py:208} INFO - Processing /opt/airflow/dags/etl_pipeline_dag.py took 2.061 seconds
[2026-07-28T03:04:09.333+0000] {processor.py:186} INFO - Started process (PID=192) to work on /opt/airflow/dags/etl_pipeline_dag.py
[2026-07-28T03:04:09.335+0000] {processor.py:914} INFO - Processing file /opt/airflow/dags/etl_pipeline_dag.py for tasks to queue
[2026-07-28T03:04:09.340+0000] {logging_mixin.py:190} INFO - [2026-07-28T03:04:09.339+0000] {dagbag.py:588} INFO - Filling up the DagBag from /opt/airflow/dags/etl_pipeline_dag.py
[2026-07-28T03:04:10.865+0000] {processor.py:925} INFO - DAG(s) 'etl_pipeline' retrieved from /opt/airflow/dags/etl_pipeline_dag.py
[2026-07-28T03:04:10.912+0000] {logging_mixin.py:190} INFO - [2026-07-28T03:04:10.911+0000] {dag.py:3239} INFO - Sync 1 DAGs
[2026-07-28T03:04:10.950+0000] {logging_mixin.py:190} INFO - [2026-07-28T03:04:10.949+0000] {dag.py:4180} INFO - Setting next_dagrun for etl_pipeline to 2026-07-28 00:00:00+00:00, run_after=2026-07-29 00:00:00+00:00
[2026-07-28T03:04:10.986+0000] {processor.py:208} INFO - Processing /opt/airflow/dags/etl_pipeline_dag.py took 1.667 seconds
[2026-07-28T03:04:41.461+0000] {processor.py:186} INFO - Started process (PID=198) to work on /opt/airflow/dags/etl_pipeline_dag.py
[2026-07-28T03:04:41.465+0000] {processor.py:914} INFO - Processing file /opt/airflow/dags/etl_pipeline_dag.py for tasks to queue
[2026-07-28T03:04:41.474+0000] {logging_mixin.py:190} INFO - [2026-07-28T03:04:41.473+0000] {dagbag.py:588} INFO - Filling up the DagBag from /opt/airflow/dags/etl_pipeline_dag.py
[2026-07-28T03:04:42.935+0000] {processor.py:925} INFO - DAG(s) 'etl_pipeline' retrieved from /opt/airflow/dags/etl_pipeline_dag.py
[2026-07-28T03:04:42.984+0000] {logging_mixin.py:190} INFO - [2026-07-28T03:04:42.983+0000] {dag.py:3239} INFO - Sync 1 DAGs
[2026-07-28T03:04:43.025+0000] {logging_mixin.py:190} INFO - [2026-07-28T03:04:43.025+0000] {dag.py:4180} INFO - Setting next_dagrun for etl_pipeline to 2026-07-28 00:00:00+00:00, run_after=2026-07-29 00:00:00+00:00
[2026-07-28T03:04:43.058+0000] {processor.py:208} INFO - Processing /opt/airflow/dags/etl_pipeline_dag.py took 1.619 seconds
[2026-07-28T03:05:13.563+0000] {processor.py:186} INFO - Started process (PID=204) to work on /opt/airflow/dags/etl_pipeline_dag.py
[2026-07-28T03:05:13.565+0000] {processor.py:914} INFO - Processing file /opt/airflow/dags/etl_pipeline_dag.py for tasks to queue
[2026-07-28T03:05:13.571+0000] {logging_mixin.py:190} INFO - [2026-07-28T03:05:13.570+0000] {dagbag.py:588} INFO - Filling up the DagBag from /opt/airflow/dags/etl_pipeline_dag.py
[2026-07-28T03:05:14.995+0000] {processor.py:925} INFO - DAG(s) 'etl_pipeline' retrieved from /opt/airflow/dags/etl_pipeline_dag.py
[2026-07-28T03:05:15.039+0000] {logging_mixin.py:190} INFO - [2026-07-28T03:05:15.039+0000] {dag.py:3239} INFO - Sync 1 DAGs
[2026-07-28T03:05:15.077+0000] {logging_mixin.py:190} INFO - [2026-07-28T03:05:15.077+0000] {dag.py:4180} INFO - Setting next_dagrun for etl_pipeline to 2026-07-28 00:00:00+00:00, run_after=2026-07-29 00:00:00+00:00
[2026-07-28T03:05:15.106+0000] {processor.py:208} INFO - Processing /opt/airflow/dags/etl_pipeline_dag.py took 1.558 seconds
[2026-07-28T03:05:45.516+0000] {processor.py:186} INFO - Started process (PID=210) to work on /opt/airflow/dags/etl_pipeline_dag.py
[2026-07-28T03:05:45.519+0000] {processor.py:914} INFO - Processing file /opt/airflow/dags/etl_pipeline_dag.py for tasks to queue
[2026-07-28T03:05:45.525+0000] {logging_mixin.py:190} INFO - [2026-07-28T03:05:45.525+0000] {dagbag.py:588} INFO - Filling up the DagBag from /opt/airflow/dags/etl_pipeline_dag.py
[2026-07-28T03:05:47.477+0000] {processor.py:925} INFO - DAG(s) 'etl_pipeline' retrieved from /opt/airflow/dags/etl_pipeline_dag.py
[2026-07-28T03:05:47.540+0000] {logging_mixin.py:190} INFO - [2026-07-28T03:05:47.539+0000] {dag.py:3239} INFO - Sync 1 DAGs
[2026-07-28T03:05:47.600+0000] {logging_mixin.py:190} INFO - [2026-07-28T03:05:47.599+0000] {dag.py:4180} INFO - Setting next_dagrun for etl_pipeline to 2026-07-28 00:00:00+00:00, run_after=2026-07-29 00:00:00+00:00
[2026-07-28T03:05:47.656+0000] {processor.py:208} INFO - Processing /opt/airflow/dags/etl_pipeline_dag.py took 2.156 seconds
[2026-07-28T03:06:17.991+0000] {processor.py:186} INFO - Started process (PID=216) to work on /opt/airflow/dags/etl_pipeline_dag.py
[2026-07-28T03:06:17.995+0000] {processor.py:914} INFO - Processing file /opt/airflow/dags/etl_pipeline_dag.py for tasks to queue
[2026-07-28T03:06:18.007+0000] {logging_mixin.py:190} INFO - [2026-07-28T03:06:18.006+0000] {dagbag.py:588} INFO - Filling up the DagBag from /opt/airflow/dags/etl_pipeline_dag.py
[2026-07-28T03:06:19.468+0000] {processor.py:925} INFO - DAG(s) 'etl_pipeline' retrieved from /opt/airflow/dags/etl_pipeline_dag.py
[2026-07-28T03:06:19.517+0000] {logging_mixin.py:190} INFO - [2026-07-28T03:06:19.517+0000] {dag.py:3239} INFO - Sync 1 DAGs
[2026-07-28T03:06:19.562+0000] {logging_mixin.py:190} INFO - [2026-07-28T03:06:19.561+0000] {dag.py:4180} INFO - Setting next_dagrun for etl_pipeline to 2026-07-28 00:00:00+00:00, run_after=2026-07-29 00:00:00+00:00
[2026-07-28T03:06:19.601+0000] {processor.py:208} INFO - Processing /opt/airflow/dags/etl_pipeline_dag.py took 1.633 seconds
[2026-07-28T03:06:50.138+0000] {processor.py:186} INFO - Started process (PID=222) to work on /opt/airflow/dags/etl_pipeline_dag.py
[2026-07-28T03:06:50.141+0000] {processor.py:914} INFO - Processing file /opt/airflow/dags/etl_pipeline_dag.py for tasks to queue
[2026-07-28T03:06:50.146+0000] {logging_mixin.py:190} INFO - [2026-07-28T03:06:50.145+0000] {dagbag.py:588} INFO - Filling up the DagBag from /opt/airflow/dags/etl_pipeline_dag.py
[2026-07-28T03:06:51.487+0000] {processor.py:925} INFO - DAG(s) 'etl_pipeline' retrieved from /opt/airflow/dags/etl_pipeline_dag.py
[2026-07-28T03:06:51.544+0000] {logging_mixin.py:190} INFO - [2026-07-28T03:06:51.543+0000] {dag.py:3239} INFO - Sync 1 DAGs
[2026-07-28T03:06:51.596+0000] {logging_mixin.py:190} INFO - [2026-07-28T03:06:51.595+0000] {dag.py:4180} INFO - Setting next_dagrun for etl_pipeline to 2026-07-28 00:00:00+00:00, run_after=2026-07-29 00:00:00+00:00
[2026-07-28T03:06:51.640+0000] {processor.py:208} INFO - Processing /opt/airflow/dags/etl_pipeline_dag.py took 1.521 seconds
[2026-07-28T03:07:21.959+0000] {processor.py:186} INFO - Started process (PID=228) to work on /opt/airflow/dags/etl_pipeline_dag.py
[2026-07-28T03:07:21.961+0000] {processor.py:914} INFO - Processing file /opt/airflow/dags/etl_pipeline_dag.py for tasks to queue
[2026-07-28T03:07:21.966+0000] {logging_mixin.py:190} INFO - [2026-07-28T03:07:21.965+0000] {dagbag.py:588} INFO - Filling up the DagBag from /opt/airflow/dags/etl_pipeline_dag.py
[2026-07-28T03:07:23.320+0000] {processor.py:925} INFO - DAG(s) 'etl_pipeline' retrieved from /opt/airflow/dags/etl_pipeline_dag.py
[2026-07-28T03:07:23.370+0000] {logging_mixin.py:190} INFO - [2026-07-28T03:07:23.369+0000] {dag.py:3239} INFO - Sync 1 DAGs
[2026-07-28T03:07:23.413+0000] {logging_mixin.py:190} INFO - [2026-07-28T03:07:23.412+0000] {dag.py:4180} INFO - Setting next_dagrun for etl_pipeline to 2026-07-28 00:00:00+00:00, run_after=2026-07-29 00:00:00+00:00
[2026-07-28T03:07:23.448+0000] {processor.py:208} INFO - Processing /opt/airflow/dags/etl_pipeline_dag.py took 1.503 seconds
[2026-07-28T03:07:53.931+0000] {processor.py:186} INFO - Started process (PID=234) to work on /opt/airflow/dags/etl_pipeline_dag.py
[2026-07-28T03:07:53.933+0000] {processor.py:914} INFO - Processing file /opt/airflow/dags/etl_pipeline_dag.py for tasks to queue
[2026-07-28T03:07:53.938+0000] {logging_mixin.py:190} INFO - [2026-07-28T03:07:53.937+0000] {dagbag.py:588} INFO - Filling up the DagBag from /opt/airflow/dags/etl_pipeline_dag.py
[2026-07-28T03:07:55.277+0000] {processor.py:925} INFO - DAG(s) 'etl_pipeline' retrieved from /opt/airflow/dags/etl_pipeline_dag.py
[2026-07-28T03:07:55.329+0000] {logging_mixin.py:190} INFO - [2026-07-28T03:07:55.328+0000] {dag.py:3239} INFO - Sync 1 DAGs
[2026-07-28T03:07:55.372+0000] {logging_mixin.py:190} INFO - [2026-07-28T03:07:55.372+0000] {dag.py:4180} INFO - Setting next_dagrun for etl_pipeline to 2026-07-28 00:00:00+00:00, run_after=2026-07-29 00:00:00+00:00
[2026-07-28T03:07:55.405+0000] {processor.py:208} INFO - Processing /opt/airflow/dags/etl_pipeline_dag.py took 1.489 seconds
[2026-07-28T03:08:25.669+0000] {processor.py:186} INFO - Started process (PID=240) to work on /opt/airflow/dags/etl_pipeline_dag.py
[2026-07-28T03:08:25.672+0000] {processor.py:914} INFO - Processing file /opt/airflow/dags/etl_pipeline_dag.py for tasks to queue
[2026-07-28T03:08:25.680+0000] {logging_mixin.py:190} INFO - [2026-07-28T03:08:25.679+0000] {dagbag.py:588} INFO - Filling up the DagBag from /opt/airflow/dags/etl_pipeline_dag.py
[2026-07-28T03:08:26.819+0000] {processor.py:925} INFO - DAG(s) 'etl_pipeline' retrieved from /opt/airflow/dags/etl_pipeline_dag.py
[2026-07-28T03:08:26.874+0000] {logging_mixin.py:190} INFO - [2026-07-28T03:08:26.873+0000] {dag.py:3239} INFO - Sync 1 DAGs
[2026-07-28T03:08:26.926+0000] {logging_mixin.py:190} INFO - [2026-07-28T03:08:26.925+0000] {dag.py:4180} INFO - Setting next_dagrun for etl_pipeline to 2026-07-28 00:00:00+00:00, run_after=2026-07-29 00:00:00+00:00
[2026-07-28T03:08:26.965+0000] {processor.py:208} INFO - Processing /opt/airflow/dags/etl_pipeline_dag.py took 1.313 seconds
[2026-07-28T03:09:23.336+0000] {processor.py:186} INFO - Started process (PID=164) to work on /opt/airflow/dags/etl_pipeline_dag.py
[2026-07-28T03:09:23.337+0000] {processor.py:914} INFO - Processing file /opt/airflow/dags/etl_pipeline_dag.py for tasks to queue
[2026-07-28T03:09:23.342+0000] {logging_mixin.py:190} INFO - [2026-07-28T03:09:23.341+0000] {dagbag.py:588} INFO - Filling up the DagBag from /opt/airflow/dags/etl_pipeline_dag.py
[2026-07-28T03:09:24.408+0000] {processor.py:925} INFO - DAG(s) 'etl_pipeline' retrieved from /opt/airflow/dags/etl_pipeline_dag.py
[2026-07-28T03:09:24.460+0000] {logging_mixin.py:190} INFO - [2026-07-28T03:09:24.459+0000] {dag.py:3239} INFO - Sync 1 DAGs
[2026-07-28T03:09:24.506+0000] {logging_mixin.py:190} INFO - [2026-07-28T03:09:24.505+0000] {dag.py:4180} INFO - Setting next_dagrun for etl_pipeline to 2026-07-28 00:00:00+00:00, run_after=2026-07-29 00:00:00+00:00
[2026-07-28T03:09:24.545+0000] {processor.py:208} INFO - Processing /opt/airflow/dags/etl_pipeline_dag.py took 1.221 seconds
[2026-07-28T03:09:54.799+0000] {processor.py:186} INFO - Started process (PID=170) to work on /opt/airflow/dags/etl_pipeline_dag.py
[2026-07-28T03:09:54.800+0000] {processor.py:914} INFO - Processing file /opt/airflow/dags/etl_pipeline_dag.py for tasks to queue
[2026-07-28T03:09:54.806+0000] {logging_mixin.py:190} INFO - [2026-07-28T03:09:54.805+0000] {dagbag.py:588} INFO - Filling up the DagBag from /opt/airflow/dags/etl_pipeline_dag.py
[2026-07-28T03:09:55.860+0000] {processor.py:925} INFO - DAG(s) 'etl_pipeline' retrieved from /opt/airflow/dags/etl_pipeline_dag.py
[2026-07-28T03:09:55.902+0000] {logging_mixin.py:190} INFO - [2026-07-28T03:09:55.902+0000] {dag.py:3239} INFO - Sync 1 DAGs
[2026-07-28T03:09:55.936+0000] {logging_mixin.py:190} INFO - [2026-07-28T03:09:55.936+0000] {dag.py:4180} INFO - Setting next_dagrun for etl_pipeline to 2026-07-28 00:00:00+00:00, run_after=2026-07-29 00:00:00+00:00
[2026-07-28T03:09:55.967+0000] {processor.py:208} INFO - Processing /opt/airflow/dags/etl_pipeline_dag.py took 1.182 seconds
[2026-07-28T03:10:26.416+0000] {processor.py:186} INFO - Started process (PID=176) to work on /opt/airflow/dags/etl_pipeline_dag.py
[2026-07-28T03:10:26.419+0000] {processor.py:914} INFO - Processing file /opt/airflow/dags/etl_pipeline_dag.py for tasks to queue
[2026-07-28T03:10:26.427+0000] {logging_mixin.py:190} INFO - [2026-07-28T03:10:26.426+0000] {dagbag.py:588} INFO - Filling up the DagBag from /opt/airflow/dags/etl_pipeline_dag.py
[2026-07-28T03:10:28.296+0000] {processor.py:925} INFO - DAG(s) 'etl_pipeline' retrieved from /opt/airflow/dags/etl_pipeline_dag.py
[2026-07-28T03:10:28.351+0000] {logging_mixin.py:190} INFO - [2026-07-28T03:10:28.350+0000] {dag.py:3239} INFO - Sync 1 DAGs
[2026-07-28T03:10:28.395+0000] {logging_mixin.py:190} INFO - [2026-07-28T03:10:28.394+0000] {dag.py:4180} INFO - Setting next_dagrun for etl_pipeline to 2026-07-28 00:00:00+00:00, run_after=2026-07-29 00:00:00+00:00
[2026-07-28T03:10:28.438+0000] {processor.py:208} INFO - Processing /opt/airflow/dags/etl_pipeline_dag.py took 2.037 seconds
[2026-07-28T03:10:58.910+0000] {processor.py:186} INFO - Started process (PID=182) to work on /opt/airflow/dags/etl_pipeline_dag.py
[2026-07-28T03:10:58.914+0000] {processor.py:914} INFO - Processing file /opt/airflow/dags/etl_pipeline_dag.py for tasks to queue
[2026-07-28T03:10:58.935+0000] {logging_mixin.py:190} INFO - [2026-07-28T03:10:58.933+0000] {dagbag.py:588} INFO - Filling up the DagBag from /opt/airflow/dags/etl_pipeline_dag.py
[2026-07-28T03:11:00.370+0000] {processor.py:925} INFO - DAG(s) 'etl_pipeline' retrieved from /opt/airflow/dags/etl_pipeline_dag.py
[2026-07-28T03:11:00.421+0000] {logging_mixin.py:190} INFO - [2026-07-28T03:11:00.420+0000] {dag.py:3239} INFO - Sync 1 DAGs
[2026-07-28T03:11:00.471+0000] {logging_mixin.py:190} INFO - [2026-07-28T03:11:00.470+0000] {dag.py:4180} INFO - Setting next_dagrun for etl_pipeline to 2026-07-28 00:00:00+00:00, run_after=2026-07-29 00:00:00+00:00
[2026-07-28T03:11:00.537+0000] {processor.py:208} INFO - Processing /opt/airflow/dags/etl_pipeline_dag.py took 1.651 seconds
[2026-07-28T03:11:31.015+0000] {processor.py:186} INFO - Started process (PID=188) to work on /opt/airflow/dags/etl_pipeline_dag.py
[2026-07-28T03:11:31.018+0000] {processor.py:914} INFO - Processing file /opt/airflow/dags/etl_pipeline_dag.py for tasks to queue
[2026-07-28T03:11:31.025+0000] {logging_mixin.py:190} INFO - [2026-07-28T03:11:31.024+0000] {dagbag.py:588} INFO - Filling up the DagBag from /opt/airflow/dags/etl_pipeline_dag.py
[2026-07-28T03:11:32.188+0000] {processor.py:925} INFO - DAG(s) 'etl_pipeline' retrieved from /opt/airflow/dags/etl_pipeline_dag.py
[2026-07-28T03:11:32.235+0000] {logging_mixin.py:190} INFO - [2026-07-28T03:11:32.234+0000] {dag.py:3239} INFO - Sync 1 DAGs
[2026-07-28T03:11:32.280+0000] {logging_mixin.py:190} INFO - [2026-07-28T03:11:32.279+0000] {dag.py:4180} INFO - Setting next_dagrun for etl_pipeline to 2026-07-28 00:00:00+00:00, run_after=2026-07-29 00:00:00+00:00
[2026-07-28T03:11:32.315+0000] {processor.py:208} INFO - Processing /opt/airflow/dags/etl_pipeline_dag.py took 1.316 seconds
[2026-07-28T03:12:02.662+0000] {processor.py:186} INFO - Started process (PID=194) to work on /opt/airflow/dags/etl_pipeline_dag.py
[2026-07-28T03:12:02.664+0000] {processor.py:914} INFO - Processing file /opt/airflow/dags/etl_pipeline_dag.py for tasks to queue
[2026-07-28T03:12:02.670+0000] {logging_mixin.py:190} INFO - [2026-07-28T03:12:02.669+0000] {dagbag.py:588} INFO - Filling up the DagBag from /opt/airflow/dags/etl_pipeline_dag.py
[2026-07-28T03:12:03.700+0000] {processor.py:925} INFO - DAG(s) 'etl_pipeline' retrieved from /opt/airflow/dags/etl_pipeline_dag.py
[2026-07-28T03:12:03.742+0000] {logging_mixin.py:190} INFO - [2026-07-28T03:12:03.741+0000] {dag.py:3239} INFO - Sync 1 DAGs
[2026-07-28T03:12:03.781+0000] {logging_mixin.py:190} INFO - [2026-07-28T03:12:03.780+0000] {dag.py:4180} INFO - Setting next_dagrun for etl_pipeline to 2026-07-28 00:00:00+00:00, run_after=2026-07-29 00:00:00+00:00
[2026-07-28T03:12:03.812+0000] {processor.py:208} INFO - Processing /opt/airflow/dags/etl_pipeline_dag.py took 1.161 seconds
[2026-07-28T03:12:34.049+0000] {processor.py:186} INFO - Started process (PID=200) to work on /opt/airflow/dags/etl_pipeline_dag.py
[2026-07-28T03:12:34.051+0000] {processor.py:914} INFO - Processing file /opt/airflow/dags/etl_pipeline_dag.py for tasks to queue
[2026-07-28T03:12:34.057+0000] {logging_mixin.py:190} INFO - [2026-07-28T03:12:34.056+0000] {dagbag.py:588} INFO - Filling up the DagBag from /opt/airflow/dags/etl_pipeline_dag.py
[2026-07-28T03:12:35.167+0000] {processor.py:925} INFO - DAG(s) 'etl_pipeline' retrieved from /opt/airflow/dags/etl_pipeline_dag.py
[2026-07-28T03:12:35.216+0000] {logging_mixin.py:190} INFO - [2026-07-28T03:12:35.215+0000] {dag.py:3239} INFO - Sync 1 DAGs
[2026-07-28T03:12:35.250+0000] {logging_mixin.py:190} INFO - [2026-07-28T03:12:35.250+0000] {dag.py:4180} INFO - Setting next_dagrun for etl_pipeline to 2026-07-28 00:00:00+00:00, run_after=2026-07-29 00:00:00+00:00
[2026-07-28T03:12:35.278+0000] {processor.py:208} INFO - Processing /opt/airflow/dags/etl_pipeline_dag.py took 1.241 seconds
[2026-07-28T03:13:05.554+0000] {processor.py:186} INFO - Started process (PID=206) to work on /opt/airflow/dags/etl_pipeline_dag.py
[2026-07-28T03:13:05.557+0000] {processor.py:914} INFO - Processing file /opt/airflow/dags/etl_pipeline_dag.py for tasks to queue
[2026-07-28T03:13:05.562+0000] {logging_mixin.py:190} INFO - [2026-07-28T03:13:05.562+0000] {dagbag.py:588} INFO - Filling up the DagBag from /opt/airflow/dags/etl_pipeline_dag.py
[2026-07-28T03:13:06.882+0000] {processor.py:925} INFO - DAG(s) 'etl_pipeline' retrieved from /opt/airflow/dags/etl_pipeline_dag.py
[2026-07-28T03:13:06.935+0000] {logging_mixin.py:190} INFO - [2026-07-28T03:13:06.934+0000] {dag.py:3239} INFO - Sync 1 DAGs
[2026-07-28T03:13:06.983+0000] {logging_mixin.py:190} INFO - [2026-07-28T03:13:06.982+0000] {dag.py:4180} INFO - Setting next_dagrun for etl_pipeline to 2026-07-28 00:00:00+00:00, run_after=2026-07-29 00:00:00+00:00
[2026-07-28T03:13:07.022+0000] {processor.py:208} INFO - Processing /opt/airflow/dags/etl_pipeline_dag.py took 1.480 seconds
[2026-07-28T03:13:37.458+0000] {processor.py:186} INFO - Started process (PID=212) to work on /opt/airflow/dags/etl_pipeline_dag.py
[2026-07-28T03:13:37.460+0000] {processor.py:914} INFO - Processing file /opt/airflow/dags/etl_pipeline_dag.py for tasks to queue
[2026-07-28T03:13:37.465+0000] {logging_mixin.py:190} INFO - [2026-07-28T03:13:37.465+0000] {dagbag.py:588} INFO - Filling up the DagBag from /opt/airflow/dags/etl_pipeline_dag.py
[2026-07-28T03:13:38.575+0000] {processor.py:925} INFO - DAG(s) 'etl_pipeline' retrieved from /opt/airflow/dags/etl_pipeline_dag.py
[2026-07-28T03:13:38.613+0000] {logging_mixin.py:190} INFO - [2026-07-28T03:13:38.613+0000] {dag.py:3239} INFO - Sync 1 DAGs
[2026-07-28T03:13:38.644+0000] {logging_mixin.py:190} INFO - [2026-07-28T03:13:38.643+0000] {dag.py:4180} INFO - Setting next_dagrun for etl_pipeline to 2026-07-28 00:00:00+00:00, run_after=2026-07-29 00:00:00+00:00
[2026-07-28T03:13:38.672+0000] {processor.py:208} INFO - Processing /opt/airflow/dags/etl_pipeline_dag.py took 1.226 seconds
[2026-07-28T03:14:08.850+0000] {processor.py:186} INFO - Started process (PID=226) to work on /opt/airflow/dags/etl_pipeline_dag.py
[2026-07-28T03:14:08.853+0000] {processor.py:914} INFO - Processing file /opt/airflow/dags/etl_pipeline_dag.py for tasks to queue
[2026-07-28T03:14:09.186+0000] {logging_mixin.py:190} INFO - [2026-07-28T03:14:09.185+0000] {dagbag.py:588} INFO - Filling up the DagBag from /opt/airflow/dags/etl_pipeline_dag.py
[2026-07-28T03:14:10.463+0000] {processor.py:925} INFO - DAG(s) 'etl_pipeline' retrieved from /opt/airflow/dags/etl_pipeline_dag.py
[2026-07-28T03:14:10.543+0000] {logging_mixin.py:190} INFO - [2026-07-28T03:14:10.542+0000] {dag.py:3239} INFO - Sync 1 DAGs
[2026-07-28T03:14:10.624+0000] {logging_mixin.py:190} INFO - [2026-07-28T03:14:10.623+0000] {dag.py:4180} INFO - Setting next_dagrun for etl_pipeline to 2026-07-28 00:00:00+00:00, run_after=2026-07-29 00:00:00+00:00
[2026-07-28T03:14:10.673+0000] {processor.py:208} INFO - Processing /opt/airflow/dags/etl_pipeline_dag.py took 1.839 seconds
[2026-07-28T03:14:40.965+0000] {processor.py:186} INFO - Started process (PID=232) to work on /opt/airflow/dags/etl_pipeline_dag.py
[2026-07-28T03:14:40.968+0000] {processor.py:914} INFO - Processing file /opt/airflow/dags/etl_pipeline_dag.py for tasks to queue
[2026-07-28T03:14:40.976+0000] {logging_mixin.py:190} INFO - [2026-07-28T03:14:40.975+0000] {dagbag.py:588} INFO - Filling up the DagBag from /opt/airflow/dags/etl_pipeline_dag.py
[2026-07-28T03:14:42.009+0000] {processor.py:925} INFO - DAG(s) 'etl_pipeline' retrieved from /opt/airflow/dags/etl_pipeline_dag.py
[2026-07-28T03:14:42.085+0000] {logging_mixin.py:190} INFO - [2026-07-28T03:14:42.085+0000] {dag.py:3239} INFO - Sync 1 DAGs
[2026-07-28T03:14:42.143+0000] {logging_mixin.py:190} INFO - [2026-07-28T03:14:42.142+0000] {dag.py:4180} INFO - Setting next_dagrun for etl_pipeline to 2026-07-28 00:00:00+00:00, run_after=2026-07-29 00:00:00+00:00
[2026-07-28T03:14:42.184+0000] {processor.py:208} INFO - Processing /opt/airflow/dags/etl_pipeline_dag.py took 1.234 seconds
[2026-07-28T03:15:12.502+0000] {processor.py:186} INFO - Started process (PID=242) to work on /opt/airflow/dags/etl_pipeline_dag.py
[2026-07-28T03:15:12.504+0000] {processor.py:914} INFO - Processing file /opt/airflow/dags/etl_pipeline_dag.py for tasks to queue
[2026-07-28T03:15:12.510+0000] {logging_mixin.py:190} INFO - [2026-07-28T03:15:12.509+0000] {dagbag.py:588} INFO - Filling up the DagBag from /opt/airflow/dags/etl_pipeline_dag.py
[2026-07-28T03:15:13.650+0000] {processor.py:925} INFO - DAG(s) 'etl_pipeline' retrieved from /opt/airflow/dags/etl_pipeline_dag.py
[2026-07-28T03:15:13.709+0000] {logging_mixin.py:190} INFO - [2026-07-28T03:15:13.708+0000] {dag.py:3239} INFO - Sync 1 DAGs
[2026-07-28T03:15:13.758+0000] {logging_mixin.py:190} INFO - [2026-07-28T03:15:13.758+0000] {dag.py:4180} INFO - Setting next_dagrun for etl_pipeline to 2026-07-28 00:00:00+00:00, run_after=2026-07-29 00:00:00+00:00
[2026-07-28T03:15:13.794+0000] {processor.py:208} INFO - Processing /opt/airflow/dags/etl_pipeline_dag.py took 1.303 seconds
[2026-07-28T03:15:43.985+0000] {processor.py:186} INFO - Started process (PID=248) to work on /opt/airflow/dags/etl_pipeline_dag.py
[2026-07-28T03:15:43.987+0000] {processor.py:914} INFO - Processing file /opt/airflow/dags/etl_pipeline_dag.py for tasks to queue
[2026-07-28T03:15:43.994+0000] {logging_mixin.py:190} INFO - [2026-07-28T03:15:43.993+0000] {dagbag.py:588} INFO - Filling up the DagBag from /opt/airflow/dags/etl_pipeline_dag.py
[2026-07-28T03:15:44.989+0000] {processor.py:925} INFO - DAG(s) 'etl_pipeline' retrieved from /opt/airflow/dags/etl_pipeline_dag.py
[2026-07-28T03:15:45.054+0000] {logging_mixin.py:190} INFO - [2026-07-28T03:15:45.053+0000] {dag.py:3239} INFO - Sync 1 DAGs
[2026-07-28T03:15:45.114+0000] {logging_mixin.py:190} INFO - [2026-07-28T03:15:45.113+0000] {dag.py:4180} INFO - Setting next_dagrun for etl_pipeline to 2026-07-28 00:00:00+00:00, run_after=2026-07-29 00:00:00+00:00
[2026-07-28T03:15:45.158+0000] {processor.py:208} INFO - Processing /opt/airflow/dags/etl_pipeline_dag.py took 1.189 seconds
[2026-07-28T03:16:15.663+0000] {processor.py:186} INFO - Started process (PID=254) to work on /opt/airflow/dags/etl_pipeline_dag.py
[2026-07-28T03:16:15.666+0000] {processor.py:914} INFO - Processing file /opt/airflow/dags/etl_pipeline_dag.py for tasks to queue
[2026-07-28T03:16:15.676+0000] {logging_mixin.py:190} INFO - [2026-07-28T03:16:15.675+0000] {dagbag.py:588} INFO - Filling up the DagBag from /opt/airflow/dags/etl_pipeline_dag.py
[2026-07-28T03:16:18.938+0000] {processor.py:925} INFO - DAG(s) 'etl_pipeline' retrieved from /opt/airflow/dags/etl_pipeline_dag.py
[2026-07-28T03:16:19.128+0000] {logging_mixin.py:190} INFO - [2026-07-28T03:16:19.124+0000] {dag.py:3239} INFO - Sync 1 DAGs
[2026-07-28T03:16:19.334+0000] {logging_mixin.py:190} INFO - [2026-07-28T03:16:19.333+0000] {dag.py:4180} INFO - Setting next_dagrun for etl_pipeline to 2026-07-28 00:00:00+00:00, run_after=2026-07-29 00:00:00+00:00
[2026-07-28T03:16:19.440+0000] {processor.py:208} INFO - Processing /opt/airflow/dags/etl_pipeline_dag.py took 3.809 seconds
[2026-07-28T03:16:50.146+0000] {processor.py:186} INFO - Started process (PID=272) to work on /opt/airflow/dags/etl_pipeline_dag.py
[2026-07-28T03:16:50.149+0000] {processor.py:914} INFO - Processing file /opt/airflow/dags/etl_pipeline_dag.py for tasks to queue
[2026-07-28T03:16:50.157+0000] {logging_mixin.py:190} INFO - [2026-07-28T03:16:50.156+0000] {dagbag.py:588} INFO - Filling up the DagBag from /opt/airflow/dags/etl_pipeline_dag.py
[2026-07-28T03:16:51.292+0000] {processor.py:925} INFO - DAG(s) 'etl_pipeline' retrieved from /opt/airflow/dags/etl_pipeline_dag.py
[2026-07-28T03:16:51.345+0000] {logging_mixin.py:190} INFO - [2026-07-28T03:16:51.344+0000] {dag.py:3239} INFO - Sync 1 DAGs
[2026-07-28T03:16:51.408+0000] {logging_mixin.py:190} INFO - [2026-07-28T03:16:51.408+0000] {dag.py:4180} INFO - Setting next_dagrun for etl_pipeline to 2026-07-28 00:00:00+00:00, run_after=2026-07-29 00:00:00+00:00
[2026-07-28T03:16:51.452+0000] {processor.py:208} INFO - Processing /opt/airflow/dags/etl_pipeline_dag.py took 1.328 seconds
[2026-07-28T03:17:21.669+0000] {processor.py:186} INFO - Started process (PID=278) to work on /opt/airflow/dags/etl_pipeline_dag.py
[2026-07-28T03:17:21.672+0000] {processor.py:914} INFO - Processing file /opt/airflow/dags/etl_pipeline_dag.py for tasks to queue
[2026-07-28T03:17:21.678+0000] {logging_mixin.py:190} INFO - [2026-07-28T03:17:21.677+0000] {dagbag.py:588} INFO - Filling up the DagBag from /opt/airflow/dags/etl_pipeline_dag.py
[2026-07-28T03:17:22.741+0000] {processor.py:925} INFO - DAG(s) 'etl_pipeline' retrieved from /opt/airflow/dags/etl_pipeline_dag.py
[2026-07-28T03:17:22.809+0000] {logging_mixin.py:190} INFO - [2026-07-28T03:17:22.808+0000] {dag.py:3239} INFO - Sync 1 DAGs
[2026-07-28T03:17:22.867+0000] {logging_mixin.py:190} INFO - [2026-07-28T03:17:22.866+0000] {dag.py:4180} INFO - Setting next_dagrun for etl_pipeline to 2026-07-28 00:00:00+00:00, run_after=2026-07-29 00:00:00+00:00
[2026-07-28T03:17:22.907+0000] {processor.py:208} INFO - Processing /opt/airflow/dags/etl_pipeline_dag.py took 1.253 seconds
[2026-07-28T03:17:53.246+0000] {processor.py:186} INFO - Started process (PID=284) to work on /opt/airflow/dags/etl_pipeline_dag.py
[2026-07-28T03:17:53.248+0000] {processor.py:914} INFO - Processing file /opt/airflow/dags/etl_pipeline_dag.py for tasks to queue
[2026-07-28T03:17:53.255+0000] {logging_mixin.py:190} INFO - [2026-07-28T03:17:53.255+0000] {dagbag.py:588} INFO - Filling up the DagBag from /opt/airflow/dags/etl_pipeline_dag.py
[2026-07-28T03:17:54.349+0000] {processor.py:925} INFO - DAG(s) 'etl_pipeline' retrieved from /opt/airflow/dags/etl_pipeline_dag.py
[2026-07-28T03:17:54.408+0000] {logging_mixin.py:190} INFO - [2026-07-28T03:17:54.407+0000] {dag.py:3239} INFO - Sync 1 DAGs
[2026-07-28T03:17:54.462+0000] {logging_mixin.py:190} INFO - [2026-07-28T03:17:54.462+0000] {dag.py:4180} INFO - Setting next_dagrun for etl_pipeline to 2026-07-28 00:00:00+00:00, run_after=2026-07-29 00:00:00+00:00
[2026-07-28T03:17:54.503+0000] {processor.py:208} INFO - Processing /opt/airflow/dags/etl_pipeline_dag.py took 1.270 seconds
[2026-07-28T03:18:24.732+0000] {processor.py:186} INFO - Started process (PID=290) to work on /opt/airflow/dags/etl_pipeline_dag.py
[2026-07-28T03:18:24.734+0000] {processor.py:914} INFO - Processing file /opt/airflow/dags/etl_pipeline_dag.py for tasks to queue
[2026-07-28T03:18:24.739+0000] {logging_mixin.py:190} INFO - [2026-07-28T03:18:24.739+0000] {dagbag.py:588} INFO - Filling up the DagBag from /opt/airflow/dags/etl_pipeline_dag.py
[2026-07-28T03:18:25.763+0000] {processor.py:925} INFO - DAG(s) 'etl_pipeline' retrieved from /opt/airflow/dags/etl_pipeline_dag.py
[2026-07-28T03:18:25.814+0000] {logging_mixin.py:190} INFO - [2026-07-28T03:18:25.813+0000] {dag.py:3239} INFO - Sync 1 DAGs
[2026-07-28T03:18:25.856+0000] {logging_mixin.py:190} INFO - [2026-07-28T03:18:25.856+0000] {dag.py:4180} INFO - Setting next_dagrun for etl_pipeline to 2026-07-28 00:00:00+00:00, run_after=2026-07-29 00:00:00+00:00
[2026-07-28T03:18:25.892+0000] {processor.py:208} INFO - Processing /opt/airflow/dags/etl_pipeline_dag.py took 1.173 seconds
[2026-07-28T03:18:56.120+0000] {processor.py:186} INFO - Started process (PID=296) to work on /opt/airflow/dags/etl_pipeline_dag.py
[2026-07-28T03:18:56.122+0000] {processor.py:914} INFO - Processing file /opt/airflow/dags/etl_pipeline_dag.py for tasks to queue
[2026-07-28T03:18:56.128+0000] {logging_mixin.py:190} INFO - [2026-07-28T03:18:56.127+0000] {dagbag.py:588} INFO - Filling up the DagBag from /opt/airflow/dags/etl_pipeline_dag.py
[2026-07-28T03:18:57.380+0000] {processor.py:925} INFO - DAG(s) 'etl_pipeline' retrieved from /opt/airflow/dags/etl_pipeline_dag.py
[2026-07-28T03:18:57.500+0000] {logging_mixin.py:190} INFO - [2026-07-28T03:18:57.499+0000] {dag.py:3239} INFO - Sync 1 DAGs
[2026-07-28T03:18:57.604+0000] {logging_mixin.py:190} INFO - [2026-07-28T03:18:57.604+0000] {dag.py:4180} INFO - Setting next_dagrun for etl_pipeline to 2026-07-28 00:00:00+00:00, run_after=2026-07-29 00:00:00+00:00
[2026-07-28T03:18:57.668+0000] {processor.py:208} INFO - Processing /opt/airflow/dags/etl_pipeline_dag.py took 1.563 seconds
[2026-07-28T03:19:28.190+0000] {processor.py:186} INFO - Started process (PID=302) to work on /opt/airflow/dags/etl_pipeline_dag.py
[2026-07-28T03:19:28.192+0000] {processor.py:914} INFO - Processing file /opt/airflow/dags/etl_pipeline_dag.py for tasks to queue
[2026-07-28T03:19:28.197+0000] {logging_mixin.py:190} INFO - [2026-07-28T03:19:28.196+0000] {dagbag.py:588} INFO - Filling up the DagBag from /opt/airflow/dags/etl_pipeline_dag.py
[2026-07-28T03:19:29.470+0000] {processor.py:925} INFO - DAG(s) 'etl_pipeline' retrieved from /opt/airflow/dags/etl_pipeline_dag.py
[2026-07-28T03:19:29.564+0000] {logging_mixin.py:190} INFO - [2026-07-28T03:19:29.563+0000] {dag.py:3239} INFO - Sync 1 DAGs
[2026-07-28T03:19:29.652+0000] {logging_mixin.py:190} INFO - [2026-07-28T03:19:29.652+0000] {dag.py:4180} INFO - Setting next_dagrun for etl_pipeline to 2026-07-28 00:00:00+00:00, run_after=2026-07-29 00:00:00+00:00
[2026-07-28T03:19:29.691+0000] {processor.py:208} INFO - Processing /opt/airflow/dags/etl_pipeline_dag.py took 1.519 seconds
[2026-07-28T03:20:00.061+0000] {processor.py:186} INFO - Started process (PID=308) to work on /opt/airflow/dags/etl_pipeline_dag.py
[2026-07-28T03:20:00.064+0000] {processor.py:914} INFO - Processing file /opt/airflow/dags/etl_pipeline_dag.py for tasks to queue
[2026-07-28T03:20:00.092+0000] {logging_mixin.py:190} INFO - [2026-07-28T03:20:00.089+0000] {dagbag.py:588} INFO - Filling up the DagBag from /opt/airflow/dags/etl_pipeline_dag.py
[2026-07-28T03:20:01.962+0000] {processor.py:925} INFO - DAG(s) 'etl_pipeline' retrieved from /opt/airflow/dags/etl_pipeline_dag.py
[2026-07-28T03:20:02.059+0000] {logging_mixin.py:190} INFO - [2026-07-28T03:20:02.057+0000] {dag.py:3239} INFO - Sync 1 DAGs
[2026-07-28T03:20:02.150+0000] {logging_mixin.py:190} INFO - [2026-07-28T03:20:02.149+0000] {dag.py:4180} INFO - Setting next_dagrun for etl_pipeline to 2026-07-28 00:00:00+00:00, run_after=2026-07-29 00:00:00+00:00
[2026-07-28T03:20:02.223+0000] {processor.py:208} INFO - Processing /opt/airflow/dags/etl_pipeline_dag.py took 2.175 seconds
[2026-07-28T03:20:32.568+0000] {processor.py:186} INFO - Started process (PID=314) to work on /opt/airflow/dags/etl_pipeline_dag.py
[2026-07-28T03:20:32.570+0000] {processor.py:914} INFO - Processing file /opt/airflow/dags/etl_pipeline_dag.py for tasks to queue
[2026-07-28T03:20:32.576+0000] {logging_mixin.py:190} INFO - [2026-07-28T03:20:32.576+0000] {dagbag.py:588} INFO - Filling up the DagBag from /opt/airflow/dags/etl_pipeline_dag.py
[2026-07-28T03:20:33.773+0000] {processor.py:925} INFO - DAG(s) 'etl_pipeline' retrieved from /opt/airflow/dags/etl_pipeline_dag.py
[2026-07-28T03:20:33.837+0000] {logging_mixin.py:190} INFO - [2026-07-28T03:20:33.836+0000] {dag.py:3239} INFO - Sync 1 DAGs
[2026-07-28T03:20:33.892+0000] {logging_mixin.py:190} INFO - [2026-07-28T03:20:33.892+0000] {dag.py:4180} INFO - Setting next_dagrun for etl_pipeline to 2026-07-28 00:00:00+00:00, run_after=2026-07-29 00:00:00+00:00
[2026-07-28T03:20:33.938+0000] {processor.py:208} INFO - Processing /opt/airflow/dags/etl_pipeline_dag.py took 1.385 seconds
[2026-07-28T03:21:04.185+0000] {processor.py:186} INFO - Started process (PID=320) to work on /opt/airflow/dags/etl_pipeline_dag.py
[2026-07-28T03:21:04.187+0000] {processor.py:914} INFO - Processing file /opt/airflow/dags/etl_pipeline_dag.py for tasks to queue
[2026-07-28T03:21:04.192+0000] {logging_mixin.py:190} INFO - [2026-07-28T03:21:04.192+0000] {dagbag.py:588} INFO - Filling up the DagBag from /opt/airflow/dags/etl_pipeline_dag.py
[2026-07-28T03:21:05.377+0000] {processor.py:925} INFO - DAG(s) 'etl_pipeline' retrieved from /opt/airflow/dags/etl_pipeline_dag.py
[2026-07-28T03:21:05.433+0000] {logging_mixin.py:190} INFO - [2026-07-28T03:21:05.432+0000] {dag.py:3239} INFO - Sync 1 DAGs
[2026-07-28T03:21:05.494+0000] {logging_mixin.py:190} INFO - [2026-07-28T03:21:05.494+0000] {dag.py:4180} INFO - Setting next_dagrun for etl_pipeline to 2026-07-28 00:00:00+00:00, run_after=2026-07-29 00:00:00+00:00
[2026-07-28T03:21:05.532+0000] {processor.py:208} INFO - Processing /opt/airflow/dags/etl_pipeline_dag.py took 1.363 seconds
[2026-07-28T03:21:36.031+0000] {processor.py:186} INFO - Started process (PID=326) to work on /opt/airflow/dags/etl_pipeline_dag.py
[2026-07-28T03:21:36.034+0000] {processor.py:914} INFO - Processing file /opt/airflow/dags/etl_pipeline_dag.py for tasks to queue
[2026-07-28T03:21:36.042+0000] {logging_mixin.py:190} INFO - [2026-07-28T03:21:36.041+0000] {dagbag.py:588} INFO - Filling up the DagBag from /opt/airflow/dags/etl_pipeline_dag.py
[2026-07-28T03:21:36.918+0000] {processor.py:925} INFO - DAG(s) 'etl_pipeline' retrieved from /opt/airflow/dags/etl_pipeline_dag.py
[2026-07-28T03:21:36.972+0000] {logging_mixin.py:190} INFO - [2026-07-28T03:21:36.972+0000] {dag.py:3239} INFO - Sync 1 DAGs
[2026-07-28T03:21:37.025+0000] {logging_mixin.py:190} INFO - [2026-07-28T03:21:37.024+0000] {dag.py:4180} INFO - Setting next_dagrun for etl_pipeline to 2026-07-28 00:00:00+00:00, run_after=2026-07-29 00:00:00+00:00
[2026-07-28T03:21:37.060+0000] {processor.py:208} INFO - Processing /opt/airflow/dags/etl_pipeline_dag.py took 1.045 seconds
[2026-07-28T03:22:07.396+0000] {processor.py:186} INFO - Started process (PID=332) to work on /opt/airflow/dags/etl_pipeline_dag.py
[2026-07-28T03:22:07.399+0000] {processor.py:914} INFO - Processing file /opt/airflow/dags/etl_pipeline_dag.py for tasks to queue
[2026-07-28T03:22:07.403+0000] {logging_mixin.py:190} INFO - [2026-07-28T03:22:07.403+0000] {dagbag.py:588} INFO - Filling up the DagBag from /opt/airflow/dags/etl_pipeline_dag.py
[2026-07-28T03:22:08.228+0000] {processor.py:925} INFO - DAG(s) 'etl_pipeline' retrieved from /opt/airflow/dags/etl_pipeline_dag.py
[2026-07-28T03:22:08.281+0000] {logging_mixin.py:190} INFO - [2026-07-28T03:22:08.280+0000] {dag.py:3239} INFO - Sync 1 DAGs
[2026-07-28T03:22:08.331+0000] {logging_mixin.py:190} INFO - [2026-07-28T03:22:08.331+0000] {dag.py:4180} INFO - Setting next_dagrun for etl_pipeline to 2026-07-28 00:00:00+00:00, run_after=2026-07-29 00:00:00+00:00
[2026-07-28T03:22:08.408+0000] {processor.py:208} INFO - Processing /opt/airflow/dags/etl_pipeline_dag.py took 1.024 seconds
[2026-07-28T03:22:38.957+0000] {processor.py:186} INFO - Started process (PID=346) to work on /opt/airflow/dags/etl_pipeline_dag.py
[2026-07-28T03:22:38.961+0000] {processor.py:914} INFO - Processing file /opt/airflow/dags/etl_pipeline_dag.py for tasks to queue
[2026-07-28T03:22:38.975+0000] {logging_mixin.py:190} INFO - [2026-07-28T03:22:38.974+0000] {dagbag.py:588} INFO - Filling up the DagBag from /opt/airflow/dags/etl_pipeline_dag.py
[2026-07-28T03:22:40.476+0000] {processor.py:925} INFO - DAG(s) 'etl_pipeline' retrieved from /opt/airflow/dags/etl_pipeline_dag.py
[2026-07-28T03:22:40.552+0000] {logging_mixin.py:190} INFO - [2026-07-28T03:22:40.551+0000] {dag.py:3239} INFO - Sync 1 DAGs
[2026-07-28T03:22:40.607+0000] {logging_mixin.py:190} INFO - [2026-07-28T03:22:40.607+0000] {dag.py:4180} INFO - Setting next_dagrun for etl_pipeline to 2026-07-28 00:00:00+00:00, run_after=2026-07-29 00:00:00+00:00
[2026-07-28T03:22:40.651+0000] {processor.py:208} INFO - Processing /opt/airflow/dags/etl_pipeline_dag.py took 1.721 seconds
[2026-07-28T03:23:11.244+0000] {processor.py:186} INFO - Started process (PID=352) to work on /opt/airflow/dags/etl_pipeline_dag.py
[2026-07-28T03:23:11.248+0000] {processor.py:914} INFO - Processing file /opt/airflow/dags/etl_pipeline_dag.py for tasks to queue
[2026-07-28T03:23:11.256+0000] {logging_mixin.py:190} INFO - [2026-07-28T03:23:11.254+0000] {dagbag.py:588} INFO - Filling up the DagBag from /opt/airflow/dags/etl_pipeline_dag.py
[2026-07-28T03:23:13.738+0000] {processor.py:925} INFO - DAG(s) 'etl_pipeline' retrieved from /opt/airflow/dags/etl_pipeline_dag.py
[2026-07-28T03:23:13.868+0000] {logging_mixin.py:190} INFO - [2026-07-28T03:23:13.866+0000] {dag.py:3239} INFO - Sync 1 DAGs
[2026-07-28T03:23:13.964+0000] {logging_mixin.py:190} INFO - [2026-07-28T03:23:13.963+0000] {dag.py:4180} INFO - Setting next_dagrun for etl_pipeline to 2026-07-28 00:00:00+00:00, run_after=2026-07-29 00:00:00+00:00
[2026-07-28T03:23:14.017+0000] {processor.py:208} INFO - Processing /opt/airflow/dags/etl_pipeline_dag.py took 2.799 seconds
[2026-07-28T03:23:44.580+0000] {processor.py:186} INFO - Started process (PID=358) to work on /opt/airflow/dags/etl_pipeline_dag.py
[2026-07-28T03:23:44.583+0000] {processor.py:914} INFO - Processing file /opt/airflow/dags/etl_pipeline_dag.py for tasks to queue
[2026-07-28T03:23:44.590+0000] {logging_mixin.py:190} INFO - [2026-07-28T03:23:44.588+0000] {dagbag.py:588} INFO - Filling up the DagBag from /opt/airflow/dags/etl_pipeline_dag.py
[2026-07-28T03:23:45.650+0000] {processor.py:925} INFO - DAG(s) 'etl_pipeline' retrieved from /opt/airflow/dags/etl_pipeline_dag.py
[2026-07-28T03:23:45.700+0000] {logging_mixin.py:190} INFO - [2026-07-28T03:23:45.699+0000] {dag.py:3239} INFO - Sync 1 DAGs
[2026-07-28T03:23:45.739+0000] {logging_mixin.py:190} INFO - [2026-07-28T03:23:45.738+0000] {dag.py:4180} INFO - Setting next_dagrun for etl_pipeline to 2026-07-28 00:00:00+00:00, run_after=2026-07-29 00:00:00+00:00
[2026-07-28T03:23:45.771+0000] {processor.py:208} INFO - Processing /opt/airflow/dags/etl_pipeline_dag.py took 1.212 seconds
[2026-07-28T03:24:16.169+0000] {processor.py:186} INFO - Started process (PID=364) to work on /opt/airflow/dags/etl_pipeline_dag.py
[2026-07-28T03:24:16.171+0000] {processor.py:914} INFO - Processing file /opt/airflow/dags/etl_pipeline_dag.py for tasks to queue
[2026-07-28T03:24:16.178+0000] {logging_mixin.py:190} INFO - [2026-07-28T03:24:16.177+0000] {dagbag.py:588} INFO - Filling up the DagBag from /opt/airflow/dags/etl_pipeline_dag.py
[2026-07-28T03:24:17.269+0000] {processor.py:925} INFO - DAG(s) 'etl_pipeline' retrieved from /opt/airflow/dags/etl_pipeline_dag.py
[2026-07-28T03:24:17.324+0000] {logging_mixin.py:190} INFO - [2026-07-28T03:24:17.323+0000] {dag.py:3239} INFO - Sync 1 DAGs
[2026-07-28T03:24:17.377+0000] {logging_mixin.py:190} INFO - [2026-07-28T03:24:17.377+0000] {dag.py:4180} INFO - Setting next_dagrun for etl_pipeline to 2026-07-28 00:00:00+00:00, run_after=2026-07-29 00:00:00+00:00
[2026-07-28T03:24:17.421+0000] {processor.py:208} INFO - Processing /opt/airflow/dags/etl_pipeline_dag.py took 1.265 seconds
[2026-07-28T03:24:47.675+0000] {processor.py:186} INFO - Started process (PID=370) to work on /opt/airflow/dags/etl_pipeline_dag.py
[2026-07-28T03:24:47.677+0000] {processor.py:914} INFO - Processing file /opt/airflow/dags/etl_pipeline_dag.py for tasks to queue
[2026-07-28T03:24:47.682+0000] {logging_mixin.py:190} INFO - [2026-07-28T03:24:47.682+0000] {dagbag.py:588} INFO - Filling up the DagBag from /opt/airflow/dags/etl_pipeline_dag.py
[2026-07-28T03:24:48.395+0000] {processor.py:925} INFO - DAG(s) 'etl_pipeline' retrieved from /opt/airflow/dags/etl_pipeline_dag.py
[2026-07-28T03:24:49.122+0000] {logging_mixin.py:190} INFO - [2026-07-28T03:24:49.121+0000] {dag.py:3239} INFO - Sync 1 DAGs
[2026-07-28T03:24:49.151+0000] {logging_mixin.py:190} INFO - [2026-07-28T03:24:49.150+0000] {dag.py:3262} INFO - Creating ORM DAG for etl_pipeline
[2026-07-28T03:24:49.176+0000] {logging_mixin.py:190} INFO - [2026-07-28T03:24:49.176+0000] {dag.py:4180} INFO - Setting next_dagrun for etl_pipeline to 2026-07-27 00:00:00+00:00, run_after=2026-07-28 00:00:00+00:00
[2026-07-28T03:24:49.224+0000] {processor.py:208} INFO - Processing /opt/airflow/dags/etl_pipeline_dag.py took 1.559 seconds
[2026-07-28T03:25:27.186+0000] {processor.py:186} INFO - Started process (PID=164) to work on /opt/airflow/dags/etl_pipeline_dag.py
[2026-07-28T03:25:27.189+0000] {processor.py:914} INFO - Processing file /opt/airflow/dags/etl_pipeline_dag.py for tasks to queue
[2026-07-28T03:25:27.195+0000] {logging_mixin.py:190} INFO - [2026-07-28T03:25:27.194+0000] {dagbag.py:588} INFO - Filling up the DagBag from /opt/airflow/dags/etl_pipeline_dag.py
[2026-07-28T03:25:28.378+0000] {processor.py:925} INFO - DAG(s) 'etl_pipeline' retrieved from /opt/airflow/dags/etl_pipeline_dag.py
[2026-07-28T03:25:28.426+0000] {logging_mixin.py:190} INFO - [2026-07-28T03:25:28.425+0000] {dag.py:3239} INFO - Sync 1 DAGs
[2026-07-28T03:25:28.464+0000] {logging_mixin.py:190} INFO - [2026-07-28T03:25:28.464+0000] {dag.py:4180} INFO - Setting next_dagrun for etl_pipeline to 2026-07-27 00:00:00+00:00, run_after=2026-07-28 00:00:00+00:00
[2026-07-28T03:25:28.495+0000] {processor.py:208} INFO - Processing /opt/airflow/dags/etl_pipeline_dag.py took 1.323 seconds
[2026-07-28T03:26:33.724+0000] {processor.py:186} INFO - Started process (PID=164) to work on /opt/airflow/dags/etl_pipeline_dag.py
[2026-07-28T03:26:33.727+0000] {processor.py:914} INFO - Processing file /opt/airflow/dags/etl_pipeline_dag.py for tasks to queue
[2026-07-28T03:26:33.732+0000] {logging_mixin.py:190} INFO - [2026-07-28T03:26:33.732+0000] {dagbag.py:588} INFO - Filling up the DagBag from /opt/airflow/dags/etl_pipeline_dag.py
[2026-07-28T03:26:36.628+0000] {processor.py:925} INFO - DAG(s) 'etl_pipeline' retrieved from /opt/airflow/dags/etl_pipeline_dag.py
[2026-07-28T03:26:37.060+0000] {logging_mixin.py:190} INFO - [2026-07-28T03:26:37.059+0000] {override.py:1900} INFO - Created Permission View: can edit on DAG:etl_pipeline
[2026-07-28T03:26:37.077+0000] {logging_mixin.py:190} INFO - [2026-07-28T03:26:37.076+0000] {override.py:1900} INFO - Created Permission View: can delete on DAG:etl_pipeline
[2026-07-28T03:26:37.092+0000] {logging_mixin.py:190} INFO - [2026-07-28T03:26:37.091+0000] {override.py:1900} INFO - Created Permission View: can read on DAG:etl_pipeline
[2026-07-28T03:26:37.108+0000] {logging_mixin.py:190} INFO - [2026-07-28T03:26:37.108+0000] {override.py:1900} INFO - Created Permission View: can delete on DAG Run:etl_pipeline
[2026-07-28T03:26:37.121+0000] {logging_mixin.py:190} INFO - [2026-07-28T03:26:37.121+0000] {override.py:1900} INFO - Created Permission View: can create on DAG Run:etl_pipeline
[2026-07-28T03:26:37.139+0000] {logging_mixin.py:190} INFO - [2026-07-28T03:26:37.138+0000] {override.py:1900} INFO - Created Permission View: menu access on DAG Run:etl_pipeline
[2026-07-28T03:26:37.160+0000] {logging_mixin.py:190} INFO - [2026-07-28T03:26:37.159+0000] {override.py:1900} INFO - Created Permission View: can read on DAG Run:etl_pipeline
[2026-07-28T03:26:37.161+0000] {logging_mixin.py:190} INFO - [2026-07-28T03:26:37.161+0000] {dag.py:3239} INFO - Sync 1 DAGs
[2026-07-28T03:26:37.185+0000] {logging_mixin.py:190} INFO - [2026-07-28T03:26:37.184+0000] {dag.py:3262} INFO - Creating ORM DAG for etl_pipeline
[2026-07-28T03:26:37.204+0000] {logging_mixin.py:190} INFO - [2026-07-28T03:26:37.203+0000] {dag.py:4180} INFO - Setting next_dagrun for etl_pipeline to 2026-07-27 00:00:00+00:00, run_after=2026-07-28 00:00:00+00:00
[2026-07-28T03:26:37.239+0000] {processor.py:208} INFO - Processing /opt/airflow/dags/etl_pipeline_dag.py took 3.533 seconds
[2026-07-28T03:27:07.598+0000] {processor.py:186} INFO - Started process (PID=170) to work on /opt/airflow/dags/etl_pipeline_dag.py
[2026-07-28T03:27:07.599+0000] {processor.py:914} INFO - Processing file /opt/airflow/dags/etl_pipeline_dag.py for tasks to queue
[2026-07-28T03:27:07.603+0000] {logging_mixin.py:190} INFO - [2026-07-28T03:27:07.602+0000] {dagbag.py:588} INFO - Filling up the DagBag from /opt/airflow/dags/etl_pipeline_dag.py
[2026-07-28T03:27:08.510+0000] {processor.py:925} INFO - DAG(s) 'etl_pipeline' retrieved from /opt/airflow/dags/etl_pipeline_dag.py
[2026-07-28T03:27:08.548+0000] {logging_mixin.py:190} INFO - [2026-07-28T03:27:08.547+0000] {dag.py:3239} INFO - Sync 1 DAGs
[2026-07-28T03:27:08.579+0000] {logging_mixin.py:190} INFO - [2026-07-28T03:27:08.579+0000] {dag.py:4180} INFO - Setting next_dagrun for etl_pipeline to 2026-07-27 00:00:00+00:00, run_after=2026-07-28 00:00:00+00:00
[2026-07-28T03:27:08.609+0000] {processor.py:208} INFO - Processing /opt/airflow/dags/etl_pipeline_dag.py took 1.023 seconds
[2026-07-28T03:27:38.961+0000] {processor.py:186} INFO - Started process (PID=176) to work on /opt/airflow/dags/etl_pipeline_dag.py
[2026-07-28T03:27:38.963+0000] {processor.py:914} INFO - Processing file /opt/airflow/dags/etl_pipeline_dag.py for tasks to queue
[2026-07-28T03:27:38.969+0000] {logging_mixin.py:190} INFO - [2026-07-28T03:27:38.968+0000] {dagbag.py:588} INFO - Filling up the DagBag from /opt/airflow/dags/etl_pipeline_dag.py
[2026-07-28T03:27:39.954+0000] {processor.py:925} INFO - DAG(s) 'etl_pipeline' retrieved from /opt/airflow/dags/etl_pipeline_dag.py
[2026-07-28T03:27:40.034+0000] {logging_mixin.py:190} INFO - [2026-07-28T03:27:40.033+0000] {dag.py:3239} INFO - Sync 1 DAGs
[2026-07-28T03:27:40.087+0000] {logging_mixin.py:190} INFO - [2026-07-28T03:27:40.087+0000] {dag.py:4180} INFO - Setting next_dagrun for etl_pipeline to 2026-07-27 00:00:00+00:00, run_after=2026-07-28 00:00:00+00:00
[2026-07-28T03:27:40.146+0000] {processor.py:208} INFO - Processing /opt/airflow/dags/etl_pipeline_dag.py took 1.196 seconds
[2026-07-28T03:28:10.481+0000] {processor.py:186} INFO - Started process (PID=182) to work on /opt/airflow/dags/etl_pipeline_dag.py
[2026-07-28T03:28:10.484+0000] {processor.py:914} INFO - Processing file /opt/airflow/dags/etl_pipeline_dag.py for tasks to queue
[2026-07-28T03:28:10.490+0000] {logging_mixin.py:190} INFO - [2026-07-28T03:28:10.489+0000] {dagbag.py:588} INFO - Filling up the DagBag from /opt/airflow/dags/etl_pipeline_dag.py
[2026-07-28T03:28:11.944+0000] {processor.py:925} INFO - DAG(s) 'etl_pipeline' retrieved from /opt/airflow/dags/etl_pipeline_dag.py
[2026-07-28T03:28:11.994+0000] {logging_mixin.py:190} INFO - [2026-07-28T03:28:11.993+0000] {dag.py:3239} INFO - Sync 1 DAGs
[2026-07-28T03:28:12.030+0000] {logging_mixin.py:190} INFO - [2026-07-28T03:28:12.030+0000] {dag.py:4180} INFO - Setting next_dagrun for etl_pipeline to 2026-07-27 00:00:00+00:00, run_after=2026-07-28 00:00:00+00:00
[2026-07-28T03:28:12.061+0000] {processor.py:208} INFO - Processing /opt/airflow/dags/etl_pipeline_dag.py took 1.594 seconds
[2026-07-28T03:30:05.004+0000] {processor.py:186} INFO - Started process (PID=164) to work on /opt/airflow/dags/etl_pipeline_dag.py
[2026-07-28T03:30:05.007+0000] {processor.py:914} INFO - Processing file /opt/airflow/dags/etl_pipeline_dag.py for tasks to queue
[2026-07-28T03:30:05.014+0000] {logging_mixin.py:190} INFO - [2026-07-28T03:30:05.013+0000] {dagbag.py:588} INFO - Filling up the DagBag from /opt/airflow/dags/etl_pipeline_dag.py
[2026-07-28T03:30:10.089+0000] {processor.py:925} INFO - DAG(s) 'etl_pipeline' retrieved from /opt/airflow/dags/etl_pipeline_dag.py
[2026-07-28T03:30:10.204+0000] {logging_mixin.py:190} INFO - [2026-07-28T03:30:10.203+0000] {dag.py:3239} INFO - Sync 1 DAGs
[2026-07-28T03:30:10.265+0000] {logging_mixin.py:190} INFO - [2026-07-28T03:30:10.264+0000] {dag.py:4180} INFO - Setting next_dagrun for etl_pipeline to 2026-07-27 00:00:00+00:00, run_after=2026-07-28 00:00:00+00:00
[2026-07-28T03:30:10.313+0000] {processor.py:208} INFO - Processing /opt/airflow/dags/etl_pipeline_dag.py took 5.332 seconds
[2026-07-28T03:30:40.521+0000] {processor.py:186} INFO - Started process (PID=170) to work on /opt/airflow/dags/etl_pipeline_dag.py
[2026-07-28T03:30:40.523+0000] {processor.py:914} INFO - Processing file /opt/airflow/dags/etl_pipeline_dag.py for tasks to queue
[2026-07-28T03:30:40.528+0000] {logging_mixin.py:190} INFO - [2026-07-28T03:30:40.527+0000] {dagbag.py:588} INFO - Filling up the DagBag from /opt/airflow/dags/etl_pipeline_dag.py
[2026-07-28T03:30:41.794+0000] {processor.py:925} INFO - DAG(s) 'etl_pipeline' retrieved from /opt/airflow/dags/etl_pipeline_dag.py
[2026-07-28T03:30:41.843+0000] {logging_mixin.py:190} INFO - [2026-07-28T03:30:41.842+0000] {dag.py:3239} INFO - Sync 1 DAGs
[2026-07-28T03:30:41.883+0000] {logging_mixin.py:190} INFO - [2026-07-28T03:30:41.882+0000] {dag.py:4180} INFO - Setting next_dagrun for etl_pipeline to 2026-07-27 00:00:00+00:00, run_after=2026-07-28 00:00:00+00:00
[2026-07-28T03:30:41.918+0000] {processor.py:208} INFO - Processing /opt/airflow/dags/etl_pipeline_dag.py took 1.415 seconds
[2026-07-28T03:31:12.149+0000] {processor.py:186} INFO - Started process (PID=180) to work on /opt/airflow/dags/etl_pipeline_dag.py
[2026-07-28T03:31:12.151+0000] {processor.py:914} INFO - Processing file /opt/airflow/dags/etl_pipeline_dag.py for tasks to queue
[2026-07-28T03:31:12.158+0000] {logging_mixin.py:190} INFO - [2026-07-28T03:31:12.157+0000] {dagbag.py:588} INFO - Filling up the DagBag from /opt/airflow/dags/etl_pipeline_dag.py
[2026-07-28T03:31:13.632+0000] {processor.py:925} INFO - DAG(s) 'etl_pipeline' retrieved from /opt/airflow/dags/etl_pipeline_dag.py
[2026-07-28T03:31:13.695+0000] {logging_mixin.py:190} INFO - [2026-07-28T03:31:13.694+0000] {dag.py:3239} INFO - Sync 1 DAGs
[2026-07-28T03:31:13.744+0000] {logging_mixin.py:190} INFO - [2026-07-28T03:31:13.744+0000] {dag.py:4180} INFO - Setting next_dagrun for etl_pipeline to 2026-07-28 00:00:00+00:00, run_after=2026-07-29 00:00:00+00:00
[2026-07-28T03:31:13.781+0000] {processor.py:208} INFO - Processing /opt/airflow/dags/etl_pipeline_dag.py took 1.647 seconds
[2026-07-28T03:31:44.367+0000] {processor.py:186} INFO - Started process (PID=186) to work on /opt/airflow/dags/etl_pipeline_dag.py
[2026-07-28T03:31:44.369+0000] {processor.py:914} INFO - Processing file /opt/airflow/dags/etl_pipeline_dag.py for tasks to queue
[2026-07-28T03:31:44.376+0000] {logging_mixin.py:190} INFO - [2026-07-28T03:31:44.375+0000] {dagbag.py:588} INFO - Filling up the DagBag from /opt/airflow/dags/etl_pipeline_dag.py
[2026-07-28T03:31:46.325+0000] {processor.py:925} INFO - DAG(s) 'etl_pipeline' retrieved from /opt/airflow/dags/etl_pipeline_dag.py
[2026-07-28T03:31:46.379+0000] {logging_mixin.py:190} INFO - [2026-07-28T03:31:46.378+0000] {dag.py:3239} INFO - Sync 1 DAGs
[2026-07-28T03:31:46.431+0000] {logging_mixin.py:190} INFO - [2026-07-28T03:31:46.431+0000] {dag.py:4180} INFO - Setting next_dagrun for etl_pipeline to 2026-07-28 00:00:00+00:00, run_after=2026-07-29 00:00:00+00:00
[2026-07-28T03:31:46.471+0000] {processor.py:208} INFO - Processing /opt/airflow/dags/etl_pipeline_dag.py took 2.117 seconds
[2026-07-28T03:32:16.853+0000] {processor.py:186} INFO - Started process (PID=192) to work on /opt/airflow/dags/etl_pipeline_dag.py
[2026-07-28T03:32:16.856+0000] {processor.py:914} INFO - Processing file /opt/airflow/dags/etl_pipeline_dag.py for tasks to queue
[2026-07-28T03:32:16.862+0000] {logging_mixin.py:190} INFO - [2026-07-28T03:32:16.861+0000] {dagbag.py:588} INFO - Filling up the DagBag from /opt/airflow/dags/etl_pipeline_dag.py
[2026-07-28T03:32:18.423+0000] {processor.py:925} INFO - DAG(s) 'etl_pipeline' retrieved from /opt/airflow/dags/etl_pipeline_dag.py
[2026-07-28T03:32:18.473+0000] {logging_mixin.py:190} INFO - [2026-07-28T03:32:18.473+0000] {dag.py:3239} INFO - Sync 1 DAGs
[2026-07-28T03:32:18.522+0000] {logging_mixin.py:190} INFO - [2026-07-28T03:32:18.521+0000] {dag.py:4180} INFO - Setting next_dagrun for etl_pipeline to 2026-07-28 00:00:00+00:00, run_after=2026-07-29 00:00:00+00:00
[2026-07-28T03:32:18.565+0000] {processor.py:208} INFO - Processing /opt/airflow/dags/etl_pipeline_dag.py took 1.725 seconds
[2026-07-28T03:32:49.046+0000] {processor.py:186} INFO - Started process (PID=204) to work on /opt/airflow/dags/etl_pipeline_dag.py
[2026-07-28T03:32:49.048+0000] {processor.py:914} INFO - Processing file /opt/airflow/dags/etl_pipeline_dag.py for tasks to queue
[2026-07-28T03:32:49.054+0000] {logging_mixin.py:190} INFO - [2026-07-28T03:32:49.053+0000] {dagbag.py:588} INFO - Filling up the DagBag from /opt/airflow/dags/etl_pipeline_dag.py
[2026-07-28T03:32:51.353+0000] {processor.py:925} INFO - DAG(s) 'etl_pipeline' retrieved from /opt/airflow/dags/etl_pipeline_dag.py
[2026-07-28T03:32:51.504+0000] {logging_mixin.py:190} INFO - [2026-07-28T03:32:51.496+0000] {dag.py:3239} INFO - Sync 1 DAGs
[2026-07-28T03:32:51.658+0000] {logging_mixin.py:190} INFO - [2026-07-28T03:32:51.656+0000] {dag.py:4180} INFO - Setting next_dagrun for etl_pipeline to 2026-07-28 00:00:00+00:00, run_after=2026-07-29 00:00:00+00:00
[2026-07-28T03:32:51.749+0000] {processor.py:208} INFO - Processing /opt/airflow/dags/etl_pipeline_dag.py took 2.719 seconds
[2026-07-28T03:33:22.287+0000] {processor.py:186} INFO - Started process (PID=212) to work on /opt/airflow/dags/etl_pipeline_dag.py
[2026-07-28T03:33:22.290+0000] {processor.py:914} INFO - Processing file /opt/airflow/dags/etl_pipeline_dag.py for tasks to queue
[2026-07-28T03:33:22.296+0000] {logging_mixin.py:190} INFO - [2026-07-28T03:33:22.295+0000] {dagbag.py:588} INFO - Filling up the DagBag from /opt/airflow/dags/etl_pipeline_dag.py
[2026-07-28T03:33:23.868+0000] {processor.py:925} INFO - DAG(s) 'etl_pipeline' retrieved from /opt/airflow/dags/etl_pipeline_dag.py
[2026-07-28T03:33:23.927+0000] {logging_mixin.py:190} INFO - [2026-07-28T03:33:23.926+0000] {dag.py:3239} INFO - Sync 1 DAGs
[2026-07-28T03:33:23.979+0000] {logging_mixin.py:190} INFO - [2026-07-28T03:33:23.978+0000] {dag.py:4180} INFO - Setting next_dagrun for etl_pipeline to 2026-07-28 00:00:00+00:00, run_after=2026-07-29 00:00:00+00:00
[2026-07-28T03:33:24.017+0000] {processor.py:208} INFO - Processing /opt/airflow/dags/etl_pipeline_dag.py took 1.743 seconds
[2026-07-28T03:33:54.468+0000] {processor.py:186} INFO - Started process (PID=218) to work on /opt/airflow/dags/etl_pipeline_dag.py
[2026-07-28T03:33:54.470+0000] {processor.py:914} INFO - Processing file /opt/airflow/dags/etl_pipeline_dag.py for tasks to queue
[2026-07-28T03:33:54.477+0000] {logging_mixin.py:190} INFO - [2026-07-28T03:33:54.476+0000] {dagbag.py:588} INFO - Filling up the DagBag from /opt/airflow/dags/etl_pipeline_dag.py
[2026-07-28T03:33:55.914+0000] {processor.py:925} INFO - DAG(s) 'etl_pipeline' retrieved from /opt/airflow/dags/etl_pipeline_dag.py
[2026-07-28T03:33:55.970+0000] {logging_mixin.py:190} INFO - [2026-07-28T03:33:55.970+0000] {dag.py:3239} INFO - Sync 1 DAGs
[2026-07-28T03:33:56.026+0000] {logging_mixin.py:190} INFO - [2026-07-28T03:33:56.026+0000] {dag.py:4180} INFO - Setting next_dagrun for etl_pipeline to 2026-07-28 00:00:00+00:00, run_after=2026-07-29 00:00:00+00:00
[2026-07-28T03:33:56.062+0000] {processor.py:208} INFO - Processing /opt/airflow/dags/etl_pipeline_dag.py took 1.606 seconds
[2026-07-28T03:34:26.447+0000] {processor.py:186} INFO - Started process (PID=224) to work on /opt/airflow/dags/etl_pipeline_dag.py
[2026-07-28T03:34:26.449+0000] {processor.py:914} INFO - Processing file /opt/airflow/dags/etl_pipeline_dag.py for tasks to queue
[2026-07-28T03:34:26.455+0000] {logging_mixin.py:190} INFO - [2026-07-28T03:34:26.454+0000] {dagbag.py:588} INFO - Filling up the DagBag from /opt/airflow/dags/etl_pipeline_dag.py
[2026-07-28T03:34:28.002+0000] {processor.py:925} INFO - DAG(s) 'etl_pipeline' retrieved from /opt/airflow/dags/etl_pipeline_dag.py
[2026-07-28T03:34:28.054+0000] {logging_mixin.py:190} INFO - [2026-07-28T03:34:28.053+0000] {dag.py:3239} INFO - Sync 1 DAGs
[2026-07-28T03:34:28.097+0000] {logging_mixin.py:190} INFO - [2026-07-28T03:34:28.096+0000] {dag.py:4180} INFO - Setting next_dagrun for etl_pipeline to 2026-07-28 00:00:00+00:00, run_after=2026-07-29 00:00:00+00:00
[2026-07-28T03:34:28.134+0000] {processor.py:208} INFO - Processing /opt/airflow/dags/etl_pipeline_dag.py took 1.705 seconds
[2026-07-28T03:34:58.624+0000] {processor.py:186} INFO - Started process (PID=230) to work on /opt/airflow/dags/etl_pipeline_dag.py
[2026-07-28T03:34:58.626+0000] {processor.py:914} INFO - Processing file /opt/airflow/dags/etl_pipeline_dag.py for tasks to queue
[2026-07-28T03:34:58.632+0000] {logging_mixin.py:190} INFO - [2026-07-28T03:34:58.631+0000] {dagbag.py:588} INFO - Filling up the DagBag from /opt/airflow/dags/etl_pipeline_dag.py
[2026-07-28T03:35:00.059+0000] {processor.py:925} INFO - DAG(s) 'etl_pipeline' retrieved from /opt/airflow/dags/etl_pipeline_dag.py
[2026-07-28T03:35:00.117+0000] {logging_mixin.py:190} INFO - [2026-07-28T03:35:00.116+0000] {dag.py:3239} INFO - Sync 1 DAGs
[2026-07-28T03:35:00.174+0000] {logging_mixin.py:190} INFO - [2026-07-28T03:35:00.174+0000] {dag.py:4180} INFO - Setting next_dagrun for etl_pipeline to 2026-07-28 00:00:00+00:00, run_after=2026-07-29 00:00:00+00:00
[2026-07-28T03:35:00.213+0000] {processor.py:208} INFO - Processing /opt/airflow/dags/etl_pipeline_dag.py took 1.606 seconds
[2026-07-28T03:35:30.378+0000] {processor.py:186} INFO - Started process (PID=236) to work on /opt/airflow/dags/etl_pipeline_dag.py
[2026-07-28T03:35:30.380+0000] {processor.py:914} INFO - Processing file /opt/airflow/dags/etl_pipeline_dag.py for tasks to queue
[2026-07-28T03:35:30.384+0000] {logging_mixin.py:190} INFO - [2026-07-28T03:35:30.384+0000] {dagbag.py:588} INFO - Filling up the DagBag from /opt/airflow/dags/etl_pipeline_dag.py
[2026-07-28T03:35:31.720+0000] {processor.py:925} INFO - DAG(s) 'etl_pipeline' retrieved from /opt/airflow/dags/etl_pipeline_dag.py
[2026-07-28T03:35:31.762+0000] {logging_mixin.py:190} INFO - [2026-07-28T03:35:31.761+0000] {dag.py:3239} INFO - Sync 1 DAGs
[2026-07-28T03:35:31.797+0000] {logging_mixin.py:190} INFO - [2026-07-28T03:35:31.797+0000] {dag.py:4180} INFO - Setting next_dagrun for etl_pipeline to 2026-07-28 00:00:00+00:00, run_after=2026-07-29 00:00:00+00:00
[2026-07-28T03:35:31.830+0000] {processor.py:208} INFO - Processing /opt/airflow/dags/etl_pipeline_dag.py took 1.462 seconds
[2026-07-28T03:36:02.031+0000] {processor.py:186} INFO - Started process (PID=242) to work on /opt/airflow/dags/etl_pipeline_dag.py
[2026-07-28T03:36:02.033+0000] {processor.py:914} INFO - Processing file /opt/airflow/dags/etl_pipeline_dag.py for tasks to queue
[2026-07-28T03:36:02.237+0000] {logging_mixin.py:190} INFO - [2026-07-28T03:36:02.236+0000] {dagbag.py:588} INFO - Filling up the DagBag from /opt/airflow/dags/etl_pipeline_dag.py
[2026-07-28T03:36:03.051+0000] {processor.py:925} INFO - DAG(s) 'etl_pipeline' retrieved from /opt/airflow/dags/etl_pipeline_dag.py
[2026-07-28T03:36:03.096+0000] {logging_mixin.py:190} INFO - [2026-07-28T03:36:03.095+0000] {dag.py:3239} INFO - Sync 1 DAGs
[2026-07-28T03:36:03.137+0000] {logging_mixin.py:190} INFO - [2026-07-28T03:36:03.137+0000] {dag.py:4180} INFO - Setting next_dagrun for etl_pipeline to 2026-07-28 00:00:00+00:00, run_after=2026-07-29 00:00:00+00:00
[2026-07-28T03:36:03.171+0000] {processor.py:208} INFO - Processing /opt/airflow/dags/etl_pipeline_dag.py took 1.153 seconds
[2026-07-28T03:36:33.615+0000] {processor.py:186} INFO - Started process (PID=248) to work on /opt/airflow/dags/etl_pipeline_dag.py
[2026-07-28T03:36:33.618+0000] {processor.py:914} INFO - Processing file /opt/airflow/dags/etl_pipeline_dag.py for tasks to queue
[2026-07-28T03:36:33.623+0000] {logging_mixin.py:190} INFO - [2026-07-28T03:36:33.622+0000] {dagbag.py:588} INFO - Filling up the DagBag from /opt/airflow/dags/etl_pipeline_dag.py
[2026-07-28T03:36:34.475+0000] {processor.py:925} INFO - DAG(s) 'etl_pipeline' retrieved from /opt/airflow/dags/etl_pipeline_dag.py
[2026-07-28T03:36:34.527+0000] {logging_mixin.py:190} INFO - [2026-07-28T03:36:34.526+0000] {dag.py:3239} INFO - Sync 1 DAGs
[2026-07-28T03:36:34.568+0000] {logging_mixin.py:190} INFO - [2026-07-28T03:36:34.568+0000] {dag.py:4180} INFO - Setting next_dagrun for etl_pipeline to 2026-07-28 00:00:00+00:00, run_after=2026-07-29 00:00:00+00:00
[2026-07-28T03:36:34.604+0000] {processor.py:208} INFO - Processing /opt/airflow/dags/etl_pipeline_dag.py took 1.007 seconds
[2026-07-28T03:37:05.190+0000] {processor.py:186} INFO - Started process (PID=254) to work on /opt/airflow/dags/etl_pipeline_dag.py
[2026-07-28T03:37:05.192+0000] {processor.py:914} INFO - Processing file /opt/airflow/dags/etl_pipeline_dag.py for tasks to queue
[2026-07-28T03:37:05.198+0000] {logging_mixin.py:190} INFO - [2026-07-28T03:37:05.197+0000] {dagbag.py:588} INFO - Filling up the DagBag from /opt/airflow/dags/etl_pipeline_dag.py
[2026-07-28T03:37:06.173+0000] {processor.py:925} INFO - DAG(s) 'etl_pipeline' retrieved from /opt/airflow/dags/etl_pipeline_dag.py
[2026-07-28T03:37:06.229+0000] {logging_mixin.py:190} INFO - [2026-07-28T03:37:06.228+0000] {dag.py:3239} INFO - Sync 1 DAGs
[2026-07-28T03:37:06.277+0000] {logging_mixin.py:190} INFO - [2026-07-28T03:37:06.276+0000] {dag.py:4180} INFO - Setting next_dagrun for etl_pipeline to 2026-07-28 00:00:00+00:00, run_after=2026-07-29 00:00:00+00:00
[2026-07-28T03:37:06.320+0000] {processor.py:208} INFO - Processing /opt/airflow/dags/etl_pipeline_dag.py took 1.145 seconds
[2026-07-28T03:37:36.559+0000] {processor.py:186} INFO - Started process (PID=260) to work on /opt/airflow/dags/etl_pipeline_dag.py
[2026-07-28T03:37:36.563+0000] {processor.py:914} INFO - Processing file /opt/airflow/dags/etl_pipeline_dag.py for tasks to queue
[2026-07-28T03:37:36.569+0000] {logging_mixin.py:190} INFO - [2026-07-28T03:37:36.568+0000] {dagbag.py:588} INFO - Filling up the DagBag from /opt/airflow/dags/etl_pipeline_dag.py
[2026-07-28T03:37:37.891+0000] {processor.py:925} INFO - DAG(s) 'etl_pipeline' retrieved from /opt/airflow/dags/etl_pipeline_dag.py
[2026-07-28T03:37:37.968+0000] {logging_mixin.py:190} INFO - [2026-07-28T03:37:37.967+0000] {dag.py:3239} INFO - Sync 1 DAGs
[2026-07-28T03:37:38.022+0000] {logging_mixin.py:190} INFO - [2026-07-28T03:37:38.021+0000] {dag.py:4180} INFO - Setting next_dagrun for etl_pipeline to 2026-07-28 00:00:00+00:00, run_after=2026-07-29 00:00:00+00:00
[2026-07-28T03:37:38.065+0000] {processor.py:208} INFO - Processing /opt/airflow/dags/etl_pipeline_dag.py took 1.522 seconds
[2026-07-28T03:38:08.765+0000] {processor.py:186} INFO - Started process (PID=266) to work on /opt/airflow/dags/etl_pipeline_dag.py
[2026-07-28T03:38:08.767+0000] {processor.py:914} INFO - Processing file /opt/airflow/dags/etl_pipeline_dag.py for tasks to queue
[2026-07-28T03:38:08.776+0000] {logging_mixin.py:190} INFO - [2026-07-28T03:38:08.774+0000] {dagbag.py:588} INFO - Filling up the DagBag from /opt/airflow/dags/etl_pipeline_dag.py
[2026-07-28T03:38:09.436+0000] {processor.py:925} INFO - DAG(s) 'etl_pipeline' retrieved from /opt/airflow/dags/etl_pipeline_dag.py
[2026-07-28T03:38:09.486+0000] {logging_mixin.py:190} INFO - [2026-07-28T03:38:09.486+0000] {dag.py:3239} INFO - Sync 1 DAGs
[2026-07-28T03:38:09.521+0000] {logging_mixin.py:190} INFO - [2026-07-28T03:38:09.521+0000] {dag.py:4180} INFO - Setting next_dagrun for etl_pipeline to 2026-07-28 00:00:00+00:00, run_after=2026-07-29 00:00:00+00:00
[2026-07-28T03:38:09.555+0000] {processor.py:208} INFO - Processing /opt/airflow/dags/etl_pipeline_dag.py took 0.802 seconds
[2026-07-28T03:38:39.954+0000] {processor.py:186} INFO - Started process (PID=272) to work on /opt/airflow/dags/etl_pipeline_dag.py
[2026-07-28T03:38:39.957+0000] {processor.py:914} INFO - Processing file /opt/airflow/dags/etl_pipeline_dag.py for tasks to queue
[2026-07-28T03:38:39.967+0000] {logging_mixin.py:190} INFO - [2026-07-28T03:38:39.965+0000] {dagbag.py:588} INFO - Filling up the DagBag from /opt/airflow/dags/etl_pipeline_dag.py
[2026-07-28T03:38:40.703+0000] {processor.py:925} INFO - DAG(s) 'etl_pipeline' retrieved from /opt/airflow/dags/etl_pipeline_dag.py
[2026-07-28T03:38:40.744+0000] {logging_mixin.py:190} INFO - [2026-07-28T03:38:40.744+0000] {dag.py:3239} INFO - Sync 1 DAGs
[2026-07-28T03:38:40.777+0000] {logging_mixin.py:190} INFO - [2026-07-28T03:38:40.777+0000] {dag.py:4180} INFO - Setting next_dagrun for etl_pipeline to 2026-07-28 00:00:00+00:00, run_after=2026-07-29 00:00:00+00:00
[2026-07-28T03:38:40.805+0000] {processor.py:208} INFO - Processing /opt/airflow/dags/etl_pipeline_dag.py took 0.866 seconds
[2026-07-28T03:39:11.215+0000] {processor.py:186} INFO - Started process (PID=278) to work on /opt/airflow/dags/etl_pipeline_dag.py
[2026-07-28T03:39:11.217+0000] {processor.py:914} INFO - Processing file /opt/airflow/dags/etl_pipeline_dag.py for tasks to queue
[2026-07-28T03:39:11.223+0000] {logging_mixin.py:190} INFO - [2026-07-28T03:39:11.223+0000] {dagbag.py:588} INFO - Filling up the DagBag from /opt/airflow/dags/etl_pipeline_dag.py
[2026-07-28T03:39:12.045+0000] {processor.py:925} INFO - DAG(s) 'etl_pipeline' retrieved from /opt/airflow/dags/etl_pipeline_dag.py
[2026-07-28T03:39:12.091+0000] {logging_mixin.py:190} INFO - [2026-07-28T03:39:12.090+0000] {dag.py:3239} INFO - Sync 1 DAGs
[2026-07-28T03:39:12.131+0000] {logging_mixin.py:190} INFO - [2026-07-28T03:39:12.130+0000] {dag.py:4180} INFO - Setting next_dagrun for etl_pipeline to 2026-07-28 00:00:00+00:00, run_after=2026-07-29 00:00:00+00:00
[2026-07-28T03:39:12.167+0000] {processor.py:208} INFO - Processing /opt/airflow/dags/etl_pipeline_dag.py took 0.964 seconds
[2026-07-28T03:39:42.534+0000] {processor.py:186} INFO - Started process (PID=284) to work on /opt/airflow/dags/etl_pipeline_dag.py
[2026-07-28T03:39:42.536+0000] {processor.py:914} INFO - Processing file /opt/airflow/dags/etl_pipeline_dag.py for tasks to queue
[2026-07-28T03:39:42.541+0000] {logging_mixin.py:190} INFO - [2026-07-28T03:39:42.541+0000] {dagbag.py:588} INFO - Filling up the DagBag from /opt/airflow/dags/etl_pipeline_dag.py
[2026-07-28T03:39:43.262+0000] {processor.py:925} INFO - DAG(s) 'etl_pipeline' retrieved from /opt/airflow/dags/etl_pipeline_dag.py
[2026-07-28T03:39:43.300+0000] {logging_mixin.py:190} INFO - [2026-07-28T03:39:43.299+0000] {dag.py:3239} INFO - Sync 1 DAGs
[2026-07-28T03:39:43.330+0000] {logging_mixin.py:190} INFO - [2026-07-28T03:39:43.330+0000] {dag.py:4180} INFO - Setting next_dagrun for etl_pipeline to 2026-07-28 00:00:00+00:00, run_after=2026-07-29 00:00:00+00:00
[2026-07-28T03:39:43.357+0000] {processor.py:208} INFO - Processing /opt/airflow/dags/etl_pipeline_dag.py took 0.836 seconds
[2026-07-28T03:40:13.842+0000] {processor.py:186} INFO - Started process (PID=290) to work on /opt/airflow/dags/etl_pipeline_dag.py
[2026-07-28T03:40:13.843+0000] {processor.py:914} INFO - Processing file /opt/airflow/dags/etl_pipeline_dag.py for tasks to queue
[2026-07-28T03:40:13.848+0000] {logging_mixin.py:190} INFO - [2026-07-28T03:40:13.848+0000] {dagbag.py:588} INFO - Filling up the DagBag from /opt/airflow/dags/etl_pipeline_dag.py
[2026-07-28T03:40:14.675+0000] {processor.py:925} INFO - DAG(s) 'etl_pipeline' retrieved from /opt/airflow/dags/etl_pipeline_dag.py
[2026-07-28T03:40:14.715+0000] {logging_mixin.py:190} INFO - [2026-07-28T03:40:14.715+0000] {dag.py:3239} INFO - Sync 1 DAGs
[2026-07-28T03:40:14.751+0000] {logging_mixin.py:190} INFO - [2026-07-28T03:40:14.750+0000] {dag.py:4180} INFO - Setting next_dagrun for etl_pipeline to 2026-07-28 00:00:00+00:00, run_after=2026-07-29 00:00:00+00:00
[2026-07-28T03:40:14.780+0000] {processor.py:208} INFO - Processing /opt/airflow/dags/etl_pipeline_dag.py took 0.949 seconds
[2026-07-28T03:40:45.169+0000] {processor.py:186} INFO - Started process (PID=296) to work on /opt/airflow/dags/etl_pipeline_dag.py
[2026-07-28T03:40:45.170+0000] {processor.py:914} INFO - Processing file /opt/airflow/dags/etl_pipeline_dag.py for tasks to queue
[2026-07-28T03:40:45.175+0000] {logging_mixin.py:190} INFO - [2026-07-28T03:40:45.174+0000] {dagbag.py:588} INFO - Filling up the DagBag from /opt/airflow/dags/etl_pipeline_dag.py
[2026-07-28T03:40:45.933+0000] {processor.py:925} INFO - DAG(s) 'etl_pipeline' retrieved from /opt/airflow/dags/etl_pipeline_dag.py
[2026-07-28T03:40:45.976+0000] {logging_mixin.py:190} INFO - [2026-07-28T03:40:45.975+0000] {dag.py:3239} INFO - Sync 1 DAGs
[2026-07-28T03:40:46.009+0000] {logging_mixin.py:190} INFO - [2026-07-28T03:40:46.009+0000] {dag.py:4180} INFO - Setting next_dagrun for etl_pipeline to 2026-07-28 00:00:00+00:00, run_after=2026-07-29 00:00:00+00:00
[2026-07-28T03:40:46.037+0000] {processor.py:208} INFO - Processing /opt/airflow/dags/etl_pipeline_dag.py took 0.879 seconds
[2026-07-28T03:41:16.420+0000] {processor.py:186} INFO - Started process (PID=302) to work on /opt/airflow/dags/etl_pipeline_dag.py
[2026-07-28T03:41:16.421+0000] {processor.py:914} INFO - Processing file /opt/airflow/dags/etl_pipeline_dag.py for tasks to queue
[2026-07-28T03:41:16.425+0000] {logging_mixin.py:190} INFO - [2026-07-28T03:41:16.425+0000] {dagbag.py:588} INFO - Filling up the DagBag from /opt/airflow/dags/etl_pipeline_dag.py
[2026-07-28T03:41:17.130+0000] {processor.py:925} INFO - DAG(s) 'etl_pipeline' retrieved from /opt/airflow/dags/etl_pipeline_dag.py
[2026-07-28T03:41:17.171+0000] {logging_mixin.py:190} INFO - [2026-07-28T03:41:17.170+0000] {dag.py:3239} INFO - Sync 1 DAGs
[2026-07-28T03:41:17.203+0000] {logging_mixin.py:190} INFO - [2026-07-28T03:41:17.202+0000] {dag.py:4180} INFO - Setting next_dagrun for etl_pipeline to 2026-07-28 00:00:00+00:00, run_after=2026-07-29 00:00:00+00:00
[2026-07-28T03:41:17.229+0000] {processor.py:208} INFO - Processing /opt/airflow/dags/etl_pipeline_dag.py took 0.820 seconds
[2026-07-28T03:41:47.744+0000] {processor.py:186} INFO - Started process (PID=308) to work on /opt/airflow/dags/etl_pipeline_dag.py
[2026-07-28T03:41:47.748+0000] {processor.py:914} INFO - Processing file /opt/airflow/dags/etl_pipeline_dag.py for tasks to queue
[2026-07-28T03:41:47.762+0000] {logging_mixin.py:190} INFO - [2026-07-28T03:41:47.760+0000] {dagbag.py:588} INFO - Filling up the DagBag from /opt/airflow/dags/etl_pipeline_dag.py
[2026-07-28T03:41:48.645+0000] {processor.py:925} INFO - DAG(s) 'etl_pipeline' retrieved from /opt/airflow/dags/etl_pipeline_dag.py
[2026-07-28T03:41:48.698+0000] {logging_mixin.py:190} INFO - [2026-07-28T03:41:48.697+0000] {dag.py:3239} INFO - Sync 1 DAGs
[2026-07-28T03:41:48.741+0000] {logging_mixin.py:190} INFO - [2026-07-28T03:41:48.741+0000] {dag.py:4180} INFO - Setting next_dagrun for etl_pipeline to 2026-07-28 00:00:00+00:00, run_after=2026-07-29 00:00:00+00:00
[2026-07-28T03:41:48.775+0000] {processor.py:208} INFO - Processing /opt/airflow/dags/etl_pipeline_dag.py took 1.057 seconds
[2026-07-28T03:42:19.167+0000] {processor.py:186} INFO - Started process (PID=314) to work on /opt/airflow/dags/etl_pipeline_dag.py
[2026-07-28T03:42:19.168+0000] {processor.py:914} INFO - Processing file /opt/airflow/dags/etl_pipeline_dag.py for tasks to queue
[2026-07-28T03:42:19.174+0000] {logging_mixin.py:190} INFO - [2026-07-28T03:42:19.173+0000] {dagbag.py:588} INFO - Filling up the DagBag from /opt/airflow/dags/etl_pipeline_dag.py
[2026-07-28T03:42:20.058+0000] {processor.py:925} INFO - DAG(s) 'etl_pipeline' retrieved from /opt/airflow/dags/etl_pipeline_dag.py
[2026-07-28T03:42:20.105+0000] {logging_mixin.py:190} INFO - [2026-07-28T03:42:20.104+0000] {dag.py:3239} INFO - Sync 1 DAGs
[2026-07-28T03:42:20.152+0000] {logging_mixin.py:190} INFO - [2026-07-28T03:42:20.151+0000] {dag.py:4180} INFO - Setting next_dagrun for etl_pipeline to 2026-07-28 00:00:00+00:00, run_after=2026-07-29 00:00:00+00:00
[2026-07-28T03:42:20.191+0000] {processor.py:208} INFO - Processing /opt/airflow/dags/etl_pipeline_dag.py took 1.039 seconds
[2026-07-28T03:42:50.616+0000] {processor.py:186} INFO - Started process (PID=320) to work on /opt/airflow/dags/etl_pipeline_dag.py
[2026-07-28T03:42:50.618+0000] {processor.py:914} INFO - Processing file /opt/airflow/dags/etl_pipeline_dag.py for tasks to queue
[2026-07-28T03:42:50.622+0000] {logging_mixin.py:190} INFO - [2026-07-28T03:42:50.622+0000] {dagbag.py:588} INFO - Filling up the DagBag from /opt/airflow/dags/etl_pipeline_dag.py
[2026-07-28T03:42:51.531+0000] {processor.py:925} INFO - DAG(s) 'etl_pipeline' retrieved from /opt/airflow/dags/etl_pipeline_dag.py
[2026-07-28T03:42:51.591+0000] {logging_mixin.py:190} INFO - [2026-07-28T03:42:51.590+0000] {dag.py:3239} INFO - Sync 1 DAGs
[2026-07-28T03:42:51.638+0000] {logging_mixin.py:190} INFO - [2026-07-28T03:42:51.638+0000] {dag.py:4180} INFO - Setting next_dagrun for etl_pipeline to 2026-07-28 00:00:00+00:00, run_after=2026-07-29 00:00:00+00:00
[2026-07-28T03:42:51.680+0000] {processor.py:208} INFO - Processing /opt/airflow/dags/etl_pipeline_dag.py took 1.082 seconds
[2026-07-28T03:43:21.981+0000] {processor.py:186} INFO - Started process (PID=326) to work on /opt/airflow/dags/etl_pipeline_dag.py
[2026-07-28T03:43:21.983+0000] {processor.py:914} INFO - Processing file /opt/airflow/dags/etl_pipeline_dag.py for tasks to queue
[2026-07-28T03:43:21.988+0000] {logging_mixin.py:190} INFO - [2026-07-28T03:43:21.987+0000] {dagbag.py:588} INFO - Filling up the DagBag from /opt/airflow/dags/etl_pipeline_dag.py
[2026-07-28T03:43:22.816+0000] {processor.py:925} INFO - DAG(s) 'etl_pipeline' retrieved from /opt/airflow/dags/etl_pipeline_dag.py
[2026-07-28T03:43:22.867+0000] {logging_mixin.py:190} INFO - [2026-07-28T03:43:22.866+0000] {dag.py:3239} INFO - Sync 1 DAGs
[2026-07-28T03:43:22.909+0000] {logging_mixin.py:190} INFO - [2026-07-28T03:43:22.909+0000] {dag.py:4180} INFO - Setting next_dagrun for etl_pipeline to 2026-07-28 00:00:00+00:00, run_after=2026-07-29 00:00:00+00:00
[2026-07-28T03:43:22.944+0000] {processor.py:208} INFO - Processing /opt/airflow/dags/etl_pipeline_dag.py took 0.978 seconds
